-- MySQL dump 10.13  Distrib 8.0.44, for Linux (x86_64)
--
-- Host: localhost    Database: haodongxi
-- ------------------------------------------------------
-- Server version	8.0.44

/*!40101 SET @OLD_CHARACTER_SET_CLIENT=@@CHARACTER_SET_CLIENT */;
/*!40101 SET @OLD_CHARACTER_SET_RESULTS=@@CHARACTER_SET_RESULTS */;
/*!40101 SET @OLD_COLLATION_CONNECTION=@@COLLATION_CONNECTION */;
/*!50503 SET NAMES utf8mb4 */;
/*!40103 SET @OLD_TIME_ZONE=@@TIME_ZONE */;
/*!40103 SET TIME_ZONE='+00:00' */;
/*!40014 SET @OLD_UNIQUE_CHECKS=@@UNIQUE_CHECKS, UNIQUE_CHECKS=0 */;
/*!40014 SET @OLD_FOREIGN_KEY_CHECKS=@@FOREIGN_KEY_CHECKS, FOREIGN_KEY_CHECKS=0 */;
/*!40101 SET @OLD_SQL_MODE=@@SQL_MODE, SQL_MODE='NO_AUTO_VALUE_ON_ZERO' */;
/*!40111 SET @OLD_SQL_NOTES=@@SQL_NOTES, SQL_NOTES=0 */;

--
-- Table structure for table `_prisma_migrations`
--

DROP TABLE IF EXISTS `_prisma_migrations`;
/*!40101 SET @saved_cs_client     = @@character_set_client */;
/*!50503 SET character_set_client = utf8mb4 */;
CREATE TABLE `_prisma_migrations` (
  `id` varchar(36) COLLATE utf8mb4_unicode_ci NOT NULL,
  `checksum` varchar(64) COLLATE utf8mb4_unicode_ci NOT NULL,
  `finished_at` datetime(3) DEFAULT NULL,
  `migration_name` varchar(255) COLLATE utf8mb4_unicode_ci NOT NULL,
  `logs` text COLLATE utf8mb4_unicode_ci,
  `rolled_back_at` datetime(3) DEFAULT NULL,
  `started_at` datetime(3) NOT NULL DEFAULT CURRENT_TIMESTAMP(3),
  `applied_steps_count` int unsigned NOT NULL DEFAULT '0',
  PRIMARY KEY (`id`)
) ENGINE=InnoDB DEFAULT CHARSET=utf8mb4 COLLATE=utf8mb4_unicode_ci;
/*!40101 SET character_set_client = @saved_cs_client */;

--
-- Dumping data for table `_prisma_migrations`
--

LOCK TABLES `_prisma_migrations` WRITE;
/*!40000 ALTER TABLE `_prisma_migrations` DISABLE KEYS */;
/*!40000 ALTER TABLE `_prisma_migrations` ENABLE KEYS */;
UNLOCK TABLES;

--
-- Table structure for table `cards`
--

DROP TABLE IF EXISTS `cards`;
/*!40101 SET @saved_cs_client     = @@character_set_client */;
/*!50503 SET character_set_client = utf8mb4 */;
CREATE TABLE `cards` (
  `id` varchar(191) COLLATE utf8mb4_unicode_ci NOT NULL,
  `product_id` varchar(191) COLLATE utf8mb4_unicode_ci NOT NULL,
  `content` text COLLATE utf8mb4_unicode_ci NOT NULL,
  `status` enum('AVAILABLE','SOLD','EXPIRED') COLLATE utf8mb4_unicode_ci NOT NULL DEFAULT 'AVAILABLE',
  `order_id` varchar(191) COLLATE utf8mb4_unicode_ci DEFAULT NULL,
  `sold_at` datetime(3) DEFAULT NULL,
  `created_at` datetime(3) NOT NULL DEFAULT CURRENT_TIMESTAMP(3),
  `variant_id` varchar(191) COLLATE utf8mb4_unicode_ci DEFAULT NULL,
  PRIMARY KEY (`id`),
  KEY `cards_product_id_fkey` (`product_id`),
  KEY `cards_order_id_fkey` (`order_id`),
  KEY `cards_variant_id_fkey` (`variant_id`),
  CONSTRAINT `cards_order_id_fkey` FOREIGN KEY (`order_id`) REFERENCES `orders` (`id`) ON DELETE SET NULL ON UPDATE CASCADE,
  CONSTRAINT `cards_product_id_fkey` FOREIGN KEY (`product_id`) REFERENCES `products` (`id`) ON DELETE CASCADE ON UPDATE CASCADE,
  CONSTRAINT `cards_variant_id_fkey` FOREIGN KEY (`variant_id`) REFERENCES `product_variants` (`id`) ON DELETE SET NULL ON UPDATE CASCADE
) ENGINE=InnoDB DEFAULT CHARSET=utf8mb4 COLLATE=utf8mb4_unicode_ci;
/*!40101 SET character_set_client = @saved_cs_client */;

--
-- Dumping data for table `cards`
--

LOCK TABLES `cards` WRITE;
/*!40000 ALTER TABLE `cards` DISABLE KEYS */;
INSERT INTO `cards` VALUES ('084471e4-74e4-4410-a9b5-0d66c1e5b455','0af84252-f901-4534-95b5-5d0bc0923f8b','账号: test_user_9@example.com\n密码: TestPass92024!','AVAILABLE',NULL,NULL,'2026-01-23 15:48:25.977',NULL),('08e3c73c-aa28-4e62-aff2-85feeca391ac','fd39f975-1f94-4a96-95e7-50cdc02cded7','账号: test_user_3@example.com\n密码: TestPass32024!','AVAILABLE',NULL,NULL,'2026-01-31 17:04:13.192',NULL),('0aafa11e-e93c-460a-951e-adcf174fb666','fd39f975-1f94-4a96-95e7-50cdc02cded7','账号: test_user_8@example.com\n密码: TestPass82024!','AVAILABLE',NULL,NULL,'2026-01-31 17:04:13.192',NULL),('0cc82a4a-6d29-4250-8ec3-5a0cdf8227bc','9d5acd01-5561-4619-8b09-fb54d5e997e7','hdjaknsdjhakjjsdjkanda','SOLD','56cfb364-9ddb-4a55-a345-b9bc7665b653','2026-02-03 07:53:03.431','2026-02-03 06:44:45.356',NULL),('0ff0b19e-80e4-4074-b2a0-d76e9b7301e2','4533fe95-db72-4bcf-99ba-058636a7020a','账号: test_user_6@example.com\n密码: TestPass62024!','AVAILABLE',NULL,NULL,'2026-01-23 15:48:25.994',NULL),('10379862-dd95-4832-995e-3fc54f69e5b9','7a0bf5d1-9f6b-456d-9894-ab0023e73d67','账号: test_user_0@example.com\n密码: TestPass02024!','AVAILABLE',NULL,NULL,'2026-01-31 17:04:13.181',NULL),('10a6d995-776c-4c8a-a5fd-8a3ab27fc9cd','8009b370-c107-4b71-b7fe-5c9690a07c99','账号: test_user_7@example.com\n密码: TestPass72024!','AVAILABLE',NULL,NULL,'2026-01-23 15:48:25.969',NULL),('12021988-a125-4277-91ad-caa2469ace7f','d4f239f2-b636-4555-b377-e6fc7fe003ac','账号: test_user_5@example.com\n密码: TestPass52024!','AVAILABLE',NULL,NULL,'2026-01-31 17:04:13.170',NULL),('12f4ecc4-52fe-48bc-9766-0c8b3656bce1','7a0bf5d1-9f6b-456d-9894-ab0023e73d67','账号: test_user_9@example.com\n密码: TestPass92024!','AVAILABLE',NULL,NULL,'2026-01-31 17:04:13.181',NULL),('156b4517-6f51-4c48-a0d9-07cd9b5f3e09','fd39f975-1f94-4a96-95e7-50cdc02cded7','账号: test_user_7@example.com\n密码: TestPass72024!','AVAILABLE',NULL,NULL,'2026-01-31 17:04:13.192',NULL),('195e2edb-9e88-4f6f-9318-d8114155c8b5','c1f41b92-dffa-436c-acf0-eb82ad044842','账号: test_user_3@example.com\n密码: TestPass32024!','AVAILABLE',NULL,NULL,'2026-01-31 17:04:13.157',NULL),('1ab868b3-9dbe-456c-8bd6-34271a20cb10','0af84252-f901-4534-95b5-5d0bc0923f8b','账号: test_user_7@example.com\n密码: TestPass72024!','AVAILABLE',NULL,NULL,'2026-01-23 15:48:25.977',NULL),('20a79c1c-3979-49b5-be0a-28c36909be20','87c6f172-7f4a-487e-a71a-31cec9a7fc69','账号: test_user_6@example.com\n密码: TestPass62024!','AVAILABLE',NULL,NULL,'2026-01-23 15:48:25.983',NULL),('22d315af-7817-4fdf-b46a-7b738ced49f3','e4657148-7af5-4198-a2d8-a57b52786cca','账号: test_user_1@example.com\n密码: TestPass12024!','AVAILABLE',NULL,NULL,'2026-01-23 15:48:25.953',NULL),('234cd2a4-9af8-490e-879f-8b22c41d84f4','9d5acd01-5561-4619-8b09-fb54d5e997e7','hdksjahkjdhsaj1','SOLD','aab296f8-01f9-4ea9-99a4-e4ec01e78c50','2026-02-03 17:05:58.981','2026-02-03 17:05:58.982',NULL),('23e57f46-1512-45db-b03a-dcbfaff6a729','438c6ad2-0310-4b3e-a489-dea9e26df2ad','账号: test_user_7@example.com\n密码: TestPass72024!','AVAILABLE',NULL,NULL,'2026-01-31 17:04:13.133',NULL),('265c1e07-2cdf-4dc5-bfcc-967b17e81e33','b4a9092b-b37a-45da-8d43-a4a174bd2917','账号: test_user_0@example.com\n密码: TestPass02024!','AVAILABLE',NULL,NULL,'2026-01-23 15:48:25.962',NULL),('272910ca-4134-4498-90a2-30e5ad3e27db','87c6f172-7f4a-487e-a71a-31cec9a7fc69','账号: test_user_8@example.com\n密码: TestPass82024!','AVAILABLE',NULL,NULL,'2026-01-23 15:48:25.983',NULL),('28300b2a-6aad-4f22-85f3-c5aa92747172','7a0bf5d1-9f6b-456d-9894-ab0023e73d67','账号: test_user_8@example.com\n密码: TestPass82024!','AVAILABLE',NULL,NULL,'2026-01-31 17:04:13.181',NULL),('2c4b14dc-6add-40fa-af51-28194b195d66','c1f41b92-dffa-436c-acf0-eb82ad044842','账号: test_user_9@example.com\n密码: TestPass92024!','AVAILABLE',NULL,NULL,'2026-01-31 17:04:13.157',NULL),('2fc08a5c-df82-494e-88f2-020877943122','0af84252-f901-4534-95b5-5d0bc0923f8b','账号: test_user_3@example.com\n密码: TestPass32024!','AVAILABLE',NULL,NULL,'2026-01-23 15:48:25.977',NULL),('310b9209-43e7-4538-987b-f2223cbf733a','b4a9092b-b37a-45da-8d43-a4a174bd2917','账号: test_user_9@example.com\n密码: TestPass92024!','AVAILABLE',NULL,NULL,'2026-01-23 15:48:25.962',NULL),('32166646-1111-4c14-a156-fa3dd53d6595','7a0bf5d1-9f6b-456d-9894-ab0023e73d67','账号: test_user_7@example.com\n密码: TestPass72024!','AVAILABLE',NULL,NULL,'2026-01-31 17:04:13.181',NULL),('33dc501d-e65e-4941-9be0-3e046267de2d','7a0bf5d1-9f6b-456d-9894-ab0023e73d67','账号: test_user_5@example.com\n密码: TestPass52024!','AVAILABLE',NULL,NULL,'2026-01-31 17:04:13.181',NULL),('371e82a4-123d-497e-b53a-1585604b3a75','c1f41b92-dffa-436c-acf0-eb82ad044842','账号: test_user_6@example.com\n密码: TestPass62024!','AVAILABLE',NULL,NULL,'2026-01-31 17:04:13.157',NULL),('37501d7f-4e1d-4f39-8caa-37c33b7dc76d','c1f41b92-dffa-436c-acf0-eb82ad044842','账号: test_user_4@example.com\n密码: TestPass42024!','AVAILABLE',NULL,NULL,'2026-01-31 17:04:13.157',NULL),('397674e3-95dc-4113-8f9d-8924380236ef','9d5acd01-5561-4619-8b09-fb54d5e997e7','hdjaknsdjhakjjsdjkanda','SOLD','c869757b-22f8-40a6-b94a-95c2b254f0e3','2026-02-03 08:03:05.068','2026-02-03 06:44:48.116',NULL),('3977da28-dec4-44e6-87c0-1697aa92eb21','87c6f172-7f4a-487e-a71a-31cec9a7fc69','账号: test_user_5@example.com\n密码: TestPass52024!','AVAILABLE',NULL,NULL,'2026-01-23 15:48:25.983',NULL),('3b7d9938-9a70-4e42-999c-1932ae559e05','e4657148-7af5-4198-a2d8-a57b52786cca','账号: test_user_8@example.com\n密码: TestPass82024!','AVAILABLE',NULL,NULL,'2026-01-23 15:48:25.953',NULL),('3c3482ae-68b0-4312-9fae-cd08e36cfec3','438c6ad2-0310-4b3e-a489-dea9e26df2ad','账号: test_user_1@example.com\n密码: TestPass12024!','AVAILABLE',NULL,NULL,'2026-01-31 17:04:13.133',NULL),('3d242582-fe70-4fd0-a08e-2fc9111ada45','4533fe95-db72-4bcf-99ba-058636a7020a','账号: test_user_2@example.com\n密码: TestPass22024!','AVAILABLE',NULL,NULL,'2026-01-23 15:48:25.994',NULL),('3d83895f-11c8-4322-bbea-aa8cc5433fc2','e4657148-7af5-4198-a2d8-a57b52786cca','账号: test_user_2@example.com\n密码: TestPass22024!','AVAILABLE',NULL,NULL,'2026-01-23 15:48:25.953',NULL),('3f548d17-eb47-4ce0-b5c0-011744e9ee20','4533fe95-db72-4bcf-99ba-058636a7020a','账号: test_user_5@example.com\n密码: TestPass52024!','AVAILABLE',NULL,NULL,'2026-01-23 15:48:25.994',NULL),('41f7488e-8e36-4bea-ab01-e5ad4fd6e15e','c1f41b92-dffa-436c-acf0-eb82ad044842','账号: test_user_2@example.com\n密码: TestPass22024!','AVAILABLE',NULL,NULL,'2026-01-31 17:04:13.157',NULL),('4414bc8f-cb6f-4559-a615-20be35f6733b','fd39f975-1f94-4a96-95e7-50cdc02cded7','账号: test_user_4@example.com\n密码: TestPass42024!','AVAILABLE',NULL,NULL,'2026-01-31 17:04:13.192',NULL),('4689cce1-74dc-49a9-8723-864e618cbab1','438c6ad2-0310-4b3e-a489-dea9e26df2ad','账号: test_user_4@example.com\n密码: TestPass42024!','AVAILABLE',NULL,NULL,'2026-01-31 17:04:13.133',NULL),('4dce24b5-4adc-4e2f-83a9-4c42bce6e3d4','fd39f975-1f94-4a96-95e7-50cdc02cded7','账号: test_user_1@example.com\n密码: TestPass12024!','AVAILABLE',NULL,NULL,'2026-01-31 17:04:13.192',NULL),('510627e0-d72c-4e73-b788-f01e69dc1dbb','87c6f172-7f4a-487e-a71a-31cec9a7fc69','账号: test_user_7@example.com\n密码: TestPass72024!','AVAILABLE',NULL,NULL,'2026-01-23 15:48:25.983',NULL),('5263cdff-6b11-48b1-9ef3-4d43d6def801','4533fe95-db72-4bcf-99ba-058636a7020a','账号: test_user_4@example.com\n密码: TestPass42024!','AVAILABLE',NULL,NULL,'2026-01-23 15:48:25.994',NULL),('53c3fb9b-797c-48f0-8fac-7d94aa4170e0','87c6f172-7f4a-487e-a71a-31cec9a7fc69','账号: test_user_3@example.com\n密码: TestPass32024!','AVAILABLE',NULL,NULL,'2026-01-23 15:48:25.983',NULL),('55b644d3-6922-40dc-bd36-0d5760ed1c08','0af84252-f901-4534-95b5-5d0bc0923f8b','账号: test_user_6@example.com\n密码: TestPass62024!','AVAILABLE',NULL,NULL,'2026-01-23 15:48:25.977',NULL),('56c8ae85-d1aa-4de7-b441-9ab926e0d964','b4a9092b-b37a-45da-8d43-a4a174bd2917','账号: test_user_4@example.com\n密码: TestPass42024!','AVAILABLE',NULL,NULL,'2026-01-23 15:48:25.962',NULL),('578b61a3-894a-4441-84a9-9ddd81627065','7a0bf5d1-9f6b-456d-9894-ab0023e73d67','账号: test_user_2@example.com\n密码: TestPass22024!','AVAILABLE',NULL,NULL,'2026-01-31 17:04:13.181',NULL),('58a773bb-f616-4253-9130-e181abc1a663','4533fe95-db72-4bcf-99ba-058636a7020a','账号: test_user_8@example.com\n密码: TestPass82024!','AVAILABLE',NULL,NULL,'2026-01-23 15:48:25.994',NULL),('593d5b60-f171-4276-91fd-f0016e6e1756','c1f41b92-dffa-436c-acf0-eb82ad044842','账号: test_user_0@example.com\n密码: TestPass02024!','AVAILABLE',NULL,NULL,'2026-01-31 17:04:13.157',NULL),('5aeaf8b2-d80f-4ff1-8f80-88f8c7bb20dc','9d5acd01-5561-4619-8b09-fb54d5e997e7','hdjaknsdjhakjjsdjkanda','SOLD','7db420c1-30dd-496e-b072-6ef84ef53d9b','2026-02-03 08:07:37.545','2026-02-03 06:44:46.619',NULL),('5c634bc9-00e8-44cf-bb7c-50d81626af0f','438c6ad2-0310-4b3e-a489-dea9e26df2ad','账号: test_user_6@example.com\n密码: TestPass62024!','AVAILABLE',NULL,NULL,'2026-01-31 17:04:13.133',NULL),('61f9a7db-0d2f-4214-a717-0daf37502542','b4a9092b-b37a-45da-8d43-a4a174bd2917','账号: test_user_2@example.com\n密码: TestPass22024!','AVAILABLE',NULL,NULL,'2026-01-23 15:48:25.962',NULL),('62b997dc-81be-4a64-bf09-45cbe1f61138','b4a9092b-b37a-45da-8d43-a4a174bd2917','账号: test_user_6@example.com\n密码: TestPass62024!','AVAILABLE',NULL,NULL,'2026-01-23 15:48:25.962',NULL),('64f04feb-cb3c-496e-8ead-337de7ae28d3','438c6ad2-0310-4b3e-a489-dea9e26df2ad','账号: test_user_2@example.com\n密码: TestPass22024!','AVAILABLE',NULL,NULL,'2026-01-31 17:04:13.133',NULL),('65c4b4c2-73d9-47cc-b111-766bd737f2d8','0af84252-f901-4534-95b5-5d0bc0923f8b','账号: test_user_1@example.com\n密码: TestPass12024!','AVAILABLE',NULL,NULL,'2026-01-23 15:48:25.977',NULL),('65e67632-aa8c-48d4-8744-72b7fb312d43','d4f239f2-b636-4555-b377-e6fc7fe003ac','账号: test_user_4@example.com\n密码: TestPass42024!','AVAILABLE',NULL,NULL,'2026-01-31 17:04:13.170',NULL),('66b1083a-066a-49d5-8a89-69a1d0707aa3','9d5acd01-5561-4619-8b09-fb54d5e997e7','hdjaknsdjhakjjsdjkanda','SOLD','1cd53717-73ed-4790-99d9-cc692ecb30cc','2026-02-03 10:01:50.698','2026-02-03 06:44:50.721',NULL),('67ec165d-e605-43b0-b77e-c984230703a0','9d5acd01-5561-4619-8b09-fb54d5e997e7','dashlkdascnask','SOLD','106adb60-c4ee-478a-878c-ec6ff927253f','2026-02-03 13:46:04.664','2026-02-03 07:18:13.936',NULL),('68681f19-3565-4e56-9aa6-55d4e0190638','fd39f975-1f94-4a96-95e7-50cdc02cded7','账号: test_user_6@example.com\n密码: TestPass62024!','AVAILABLE',NULL,NULL,'2026-01-31 17:04:13.192',NULL),('68ef279d-401b-4e37-a923-16ea2369e9a3','87c6f172-7f4a-487e-a71a-31cec9a7fc69','账号: test_user_2@example.com\n密码: TestPass22024!','AVAILABLE',NULL,NULL,'2026-01-23 15:48:25.983',NULL),('6c6decca-1135-452f-b305-743055cc928a','b4a9092b-b37a-45da-8d43-a4a174bd2917','账号: test_user_5@example.com\n密码: TestPass52024!','AVAILABLE',NULL,NULL,'2026-01-23 15:48:25.962',NULL),('6d2c8377-0aec-4238-9f3d-9e9cf30cfd8e','9d5acd01-5561-4619-8b09-fb54d5e997e7','hdjaknsdjhakjjsdjkanda','SOLD','2d8b6c68-bc1c-47b9-8432-90b3b8fcffb9','2026-02-03 15:53:08.707','2026-02-03 06:44:40.298',NULL),('6d4f83e3-a5c6-447f-b0ad-9a1aab67dd77','9d5acd01-5561-4619-8b09-fb54d5e997e7','hdjaknsdjhakjjsdjkanda','SOLD','e62a4271-4197-4f39-bbd5-7a1b596f1895','2026-02-03 15:59:54.671','2026-02-03 06:44:50.484',NULL),('6f3e4f72-ef66-41b2-9bc1-71dae38756bd','4533fe95-db72-4bcf-99ba-058636a7020a','账号: test_user_0@example.com\n密码: TestPass02024!','AVAILABLE',NULL,NULL,'2026-01-23 15:48:25.994',NULL),('6f8015eb-e6ab-4d14-944e-f3bacb8c835d','9d5acd01-5561-4619-8b09-fb54d5e997e7','hdjaknsdjhakjjsdjkanda','AVAILABLE',NULL,NULL,'2026-02-03 06:44:51.298',NULL),('7420abb2-c3d4-4d8e-97d6-73d67483d4d8','d4f239f2-b636-4555-b377-e6fc7fe003ac','账号: test_user_3@example.com\n密码: TestPass32024!','AVAILABLE',NULL,NULL,'2026-01-31 17:04:13.170',NULL),('742f9f12-8ce0-4e5b-9f5e-3b8213051e25','8009b370-c107-4b71-b7fe-5c9690a07c99','账号: test_user_4@example.com\n密码: TestPass42024!','AVAILABLE',NULL,NULL,'2026-01-23 15:48:25.969',NULL),('74ab7c7e-e007-4109-90d1-bf517a2e9c97','b4a9092b-b37a-45da-8d43-a4a174bd2917','账号: test_user_7@example.com\n密码: TestPass72024!','AVAILABLE',NULL,NULL,'2026-01-23 15:48:25.962',NULL),('759039d9-5c1d-40cb-b2ce-2e1d9f65ca71','438c6ad2-0310-4b3e-a489-dea9e26df2ad','账号: test_user_5@example.com\n密码: TestPass52024!','AVAILABLE',NULL,NULL,'2026-01-31 17:04:13.133',NULL),('7c641f4c-8c50-413f-aafc-d221e0102296','b4a9092b-b37a-45da-8d43-a4a174bd2917','账号: test_user_3@example.com\n密码: TestPass32024!','AVAILABLE',NULL,NULL,'2026-01-23 15:48:25.962',NULL),('7ce1fccb-225a-4a11-ad4d-5f124d35b538','5a6060d5-ad94-427c-a8c4-9d65d5fc5bee','账号: test_user_0@example.com\n密码: TestPass02024!','AVAILABLE',NULL,NULL,'2026-01-31 17:04:13.209',NULL),('7e0aa712-dfeb-4e13-95af-faeaf250af16','5a6060d5-ad94-427c-a8c4-9d65d5fc5bee','账号: test_user_9@example.com\n密码: TestPass92024!','AVAILABLE',NULL,NULL,'2026-01-31 17:04:13.209',NULL),('7edfe63f-562d-4b82-89a7-74b003a4ef8b','5a6060d5-ad94-427c-a8c4-9d65d5fc5bee','账号: test_user_3@example.com\n密码: TestPass32024!','AVAILABLE',NULL,NULL,'2026-01-31 17:04:13.209',NULL),('84b94a00-a214-46f3-ab5e-4208a3641975','e4657148-7af5-4198-a2d8-a57b52786cca','账号: test_user_9@example.com\n密码: TestPass92024!','AVAILABLE',NULL,NULL,'2026-01-23 15:48:25.953',NULL),('84bd3a28-cdc9-432e-bd42-01e05f7eb535','9d5acd01-5561-4619-8b09-fb54d5e997e7','jkadhjhasjdlas3','SOLD','a4b3b407-7b58-4d97-a364-da2fb9fa5a0c','2026-02-03 16:29:53.648','2026-02-03 16:29:23.715',NULL),('89aef8e9-90f4-40db-a1b3-37e4235ae0b6','4533fe95-db72-4bcf-99ba-058636a7020a','账号: test_user_9@example.com\n密码: TestPass92024!','AVAILABLE',NULL,NULL,'2026-01-23 15:48:25.994',NULL),('8ae72a8e-530f-4511-8f18-68c0a0dcdda3','b4a9092b-b37a-45da-8d43-a4a174bd2917','账号: test_user_8@example.com\n密码: TestPass82024!','AVAILABLE',NULL,NULL,'2026-01-23 15:48:25.962',NULL),('8f0102c7-65e0-4fb7-8562-2f4d3617a5f1','8009b370-c107-4b71-b7fe-5c9690a07c99','账号: test_user_6@example.com\n密码: TestPass62024!','AVAILABLE',NULL,NULL,'2026-01-23 15:48:25.969',NULL),('92aa3985-302a-4993-8b39-fd8f44e33849','0af84252-f901-4534-95b5-5d0bc0923f8b','账号: test_user_2@example.com\n密码: TestPass22024!','AVAILABLE',NULL,NULL,'2026-01-23 15:48:25.977',NULL),('9373d098-5726-4291-8362-635a9b641244','5a6060d5-ad94-427c-a8c4-9d65d5fc5bee','账号: test_user_1@example.com\n密码: TestPass12024!','AVAILABLE',NULL,NULL,'2026-01-31 17:04:13.209',NULL),('93f5bf6d-aa07-4517-9964-e67f96e30fd8','438c6ad2-0310-4b3e-a489-dea9e26df2ad','账号: test_user_8@example.com\n密码: TestPass82024!','AVAILABLE',NULL,NULL,'2026-01-31 17:04:13.133',NULL),('962d48d5-52c6-46f7-a06d-ce0d2b18deef','e4657148-7af5-4198-a2d8-a57b52786cca','账号: test_user_5@example.com\n密码: TestPass52024!','AVAILABLE',NULL,NULL,'2026-01-23 15:48:25.953',NULL),('965acee8-1322-4afe-ad81-d347ce8496da','c1f41b92-dffa-436c-acf0-eb82ad044842','账号: test_user_1@example.com\n密码: TestPass12024!','AVAILABLE',NULL,NULL,'2026-01-31 17:04:13.157',NULL),('9682812c-57c4-450c-9c6a-9d649741fca4','7a0bf5d1-9f6b-456d-9894-ab0023e73d67','账号: test_user_3@example.com\n密码: TestPass32024!','AVAILABLE',NULL,NULL,'2026-01-31 17:04:13.181',NULL),('96d751d8-57f9-43b1-80d9-d10d04395587','e4657148-7af5-4198-a2d8-a57b52786cca','账号: test_user_3@example.com\n密码: TestPass32024!','AVAILABLE',NULL,NULL,'2026-01-23 15:48:25.953',NULL),('96d84819-32f5-4222-98f5-adb4be9ec361','8009b370-c107-4b71-b7fe-5c9690a07c99','账号: test_user_0@example.com\n密码: TestPass02024!','AVAILABLE',NULL,NULL,'2026-01-23 15:48:25.969',NULL),('98e07269-a250-4702-a3c0-452079939ffc','b4a9092b-b37a-45da-8d43-a4a174bd2917','账号: test_user_1@example.com\n密码: TestPass12024!','AVAILABLE',NULL,NULL,'2026-01-23 15:48:25.962',NULL),('9b59f4ec-e02b-476a-a6d0-455b6e3d630a','9d5acd01-5561-4619-8b09-fb54d5e997e7','hdjaknsdjhakjjsdjkanda','AVAILABLE',NULL,NULL,'2026-02-03 06:44:49.919',NULL),('9e3fd83e-34d8-4ba9-bf7e-ec345b9909a5','438c6ad2-0310-4b3e-a489-dea9e26df2ad','账号: test_user_3@example.com\n密码: TestPass32024!','AVAILABLE',NULL,NULL,'2026-01-31 17:04:13.133',NULL),('9eb02f48-cbbe-48fd-ab97-72407e3c8cd7','e4657148-7af5-4198-a2d8-a57b52786cca','账号: test_user_0@example.com\n密码: TestPass02024!','AVAILABLE',NULL,NULL,'2026-01-23 15:48:25.953',NULL),('a10b0625-2842-49dd-bd37-959d3ac113ea','0af84252-f901-4534-95b5-5d0bc0923f8b','账号: test_user_4@example.com\n密码: TestPass42024!','AVAILABLE',NULL,NULL,'2026-01-23 15:48:25.977',NULL),('a20ed7a3-7a79-4b2d-a9ad-46be0441f179','fd39f975-1f94-4a96-95e7-50cdc02cded7','账号: test_user_9@example.com\n密码: TestPass92024!','AVAILABLE',NULL,NULL,'2026-01-31 17:04:13.192',NULL),('a229d81e-abad-4281-99a4-61a0e4b58764','4533fe95-db72-4bcf-99ba-058636a7020a','账号: test_user_7@example.com\n密码: TestPass72024!','AVAILABLE',NULL,NULL,'2026-01-23 15:48:25.994',NULL),('a22ad321-f13f-45d2-9377-d0e3ead2e90b','87c6f172-7f4a-487e-a71a-31cec9a7fc69','账号: test_user_1@example.com\n密码: TestPass12024!','AVAILABLE',NULL,NULL,'2026-01-23 15:48:25.983',NULL),('a7209b4f-2346-4667-ad9c-effb927a741f','5a6060d5-ad94-427c-a8c4-9d65d5fc5bee','账号: test_user_8@example.com\n密码: TestPass82024!','AVAILABLE',NULL,NULL,'2026-01-31 17:04:13.209',NULL),('a7feb6d1-5f2a-4594-8a94-ff0f1c402c7e','8009b370-c107-4b71-b7fe-5c9690a07c99','账号: test_user_8@example.com\n密码: TestPass82024!','AVAILABLE',NULL,NULL,'2026-01-23 15:48:25.969',NULL),('adf21b82-2794-4313-8d7b-8dd676d7b322','8009b370-c107-4b71-b7fe-5c9690a07c99','账号: test_user_3@example.com\n密码: TestPass32024!','AVAILABLE',NULL,NULL,'2026-01-23 15:48:25.969',NULL),('ae3e6513-6a66-4a68-a26c-75c23cbd7bc0','7a0bf5d1-9f6b-456d-9894-ab0023e73d67','账号: test_user_4@example.com\n密码: TestPass42024!','AVAILABLE',NULL,NULL,'2026-01-31 17:04:13.181',NULL),('aef266de-c72c-42de-ba3d-5c8f1f5bd3a6','4533fe95-db72-4bcf-99ba-058636a7020a','账号: test_user_1@example.com\n密码: TestPass12024!','AVAILABLE',NULL,NULL,'2026-01-23 15:48:25.994',NULL),('b1e1e173-0434-40ad-ba6f-2cc27118af8c','87c6f172-7f4a-487e-a71a-31cec9a7fc69','账号: test_user_0@example.com\n密码: TestPass02024!','AVAILABLE',NULL,NULL,'2026-01-23 15:48:25.983',NULL),('b3971c78-aa91-49fa-b098-3d89e58c3dc9','0af84252-f901-4534-95b5-5d0bc0923f8b','账号: test_user_8@example.com\n密码: TestPass82024!','AVAILABLE',NULL,NULL,'2026-01-23 15:48:25.977',NULL),('b5e4bf4c-6d41-47df-9e71-805b19faff33','c1f41b92-dffa-436c-acf0-eb82ad044842','账号: test_user_5@example.com\n密码: TestPass52024!','AVAILABLE',NULL,NULL,'2026-01-31 17:04:13.157',NULL),('b693a2dd-bac4-4bfa-ba9e-dbbc0e2109ad','9d5acd01-5561-4619-8b09-fb54d5e997e7','dadadfdafads','AVAILABLE',NULL,NULL,'2026-02-03 06:49:58.638',NULL),('bac128f0-0daf-46d4-9afd-a60460c40434','0af84252-f901-4534-95b5-5d0bc0923f8b','账号: test_user_0@example.com\n密码: TestPass02024!','AVAILABLE',NULL,NULL,'2026-01-23 15:48:25.977',NULL),('bb8d2936-0f72-4149-94a4-733fce100950','d4f239f2-b636-4555-b377-e6fc7fe003ac','账号: test_user_6@example.com\n密码: TestPass62024!','AVAILABLE',NULL,NULL,'2026-01-31 17:04:13.170',NULL),('bc054401-b9ca-45de-9fee-475f4b2d37d2','c1f41b92-dffa-436c-acf0-eb82ad044842','账号: test_user_8@example.com\n密码: TestPass82024!','AVAILABLE',NULL,NULL,'2026-01-31 17:04:13.157',NULL),('bcf99cb4-3eee-454b-bbec-eb6b1d089025','4533fe95-db72-4bcf-99ba-058636a7020a','账号: test_user_3@example.com\n密码: TestPass32024!','AVAILABLE',NULL,NULL,'2026-01-23 15:48:25.994',NULL),('be7a8e1d-9bf0-4357-8a97-079dc714b79b','d4f239f2-b636-4555-b377-e6fc7fe003ac','账号: test_user_7@example.com\n密码: TestPass72024!','AVAILABLE',NULL,NULL,'2026-01-31 17:04:13.170',NULL),('c16e61ea-c1ff-44c5-9372-394c0e3fdaad','5a6060d5-ad94-427c-a8c4-9d65d5fc5bee','账号: test_user_7@example.com\n密码: TestPass72024!','AVAILABLE',NULL,NULL,'2026-01-31 17:04:13.209',NULL),('c2ca6bf2-2f82-49c4-9e20-e412ab3b87fe','8009b370-c107-4b71-b7fe-5c9690a07c99','账号: test_user_9@example.com\n密码: TestPass92024!','AVAILABLE',NULL,NULL,'2026-01-23 15:48:25.969',NULL),('c408f577-b6c6-44d6-ab9b-3c4d91fc5d16','d4f239f2-b636-4555-b377-e6fc7fe003ac','账号: test_user_8@example.com\n密码: TestPass82024!','AVAILABLE',NULL,NULL,'2026-01-31 17:04:13.170',NULL),('c454c57d-6b53-4736-a5cf-41c6b29c332a','0af84252-f901-4534-95b5-5d0bc0923f8b','账号: test_user_5@example.com\n密码: TestPass52024!','AVAILABLE',NULL,NULL,'2026-01-23 15:48:25.977',NULL),('c6c89de2-a588-483c-afb7-53b98dd7a912','9d5acd01-5561-4619-8b09-fb54d5e997e7','hdjaknsdjhakjjsdjkanda','AVAILABLE',NULL,NULL,'2026-02-03 06:44:50.935',NULL),('cc6d1e30-f4c2-46af-95ee-de798f5bc6f5','d4f239f2-b636-4555-b377-e6fc7fe003ac','账号: test_user_0@example.com\n密码: TestPass02024!','AVAILABLE',NULL,NULL,'2026-01-31 17:04:13.170',NULL),('cc944582-e080-45c2-b824-fa7463a01955','fd39f975-1f94-4a96-95e7-50cdc02cded7','账号: test_user_5@example.com\n密码: TestPass52024!','AVAILABLE',NULL,NULL,'2026-01-31 17:04:13.192',NULL),('cdb667c9-a429-40a9-acd1-6b86f34a0e37','5a6060d5-ad94-427c-a8c4-9d65d5fc5bee','账号: test_user_4@example.com\n密码: TestPass42024!','AVAILABLE',NULL,NULL,'2026-01-31 17:04:13.209',NULL),('cef68729-17ba-4ee5-bd11-23288988e50e','e4657148-7af5-4198-a2d8-a57b52786cca','账号: test_user_7@example.com\n密码: TestPass72024!','AVAILABLE',NULL,NULL,'2026-01-23 15:48:25.953',NULL),('cf1a818d-b7f7-4fa9-928c-75c4c2fd110a','d4f239f2-b636-4555-b377-e6fc7fe003ac','账号: test_user_1@example.com\n密码: TestPass12024!','AVAILABLE',NULL,NULL,'2026-01-31 17:04:13.170',NULL),('d2447ca1-3e65-457a-b322-a5d896de62cb','5a6060d5-ad94-427c-a8c4-9d65d5fc5bee','账号: test_user_2@example.com\n密码: TestPass22024!','AVAILABLE',NULL,NULL,'2026-01-31 17:04:13.209',NULL),('d337dfc3-5f83-4703-b6eb-6d91a7d35c58','5a6060d5-ad94-427c-a8c4-9d65d5fc5bee','账号: test_user_5@example.com\n密码: TestPass52024!','AVAILABLE',NULL,NULL,'2026-01-31 17:04:13.209',NULL),('d3a59796-c35e-480d-bb76-9304295e1d77','8009b370-c107-4b71-b7fe-5c9690a07c99','账号: test_user_1@example.com\n密码: TestPass12024!','AVAILABLE',NULL,NULL,'2026-01-23 15:48:25.969',NULL),('d56dd130-299a-4458-9648-b82ea4818cc3','7a0bf5d1-9f6b-456d-9894-ab0023e73d67','账号: test_user_1@example.com\n密码: TestPass12024!','AVAILABLE',NULL,NULL,'2026-01-31 17:04:13.181',NULL),('d5f3b040-137d-4772-8b12-4099b7a9bd06','87c6f172-7f4a-487e-a71a-31cec9a7fc69','账号: test_user_9@example.com\n密码: TestPass92024!','AVAILABLE',NULL,NULL,'2026-01-23 15:48:25.983',NULL),('d88ba246-1e3f-45ba-aa02-0fd9c528fbf3','8009b370-c107-4b71-b7fe-5c9690a07c99','账号: test_user_5@example.com\n密码: TestPass52024!','AVAILABLE',NULL,NULL,'2026-01-23 15:48:25.969',NULL),('da18cb7b-6a31-4398-adde-fb6054038fd3','438c6ad2-0310-4b3e-a489-dea9e26df2ad','账号: test_user_9@example.com\n密码: TestPass92024!','AVAILABLE',NULL,NULL,'2026-01-31 17:04:13.133',NULL),('db2ea139-68c9-4788-bb3d-97680f8b2883','8009b370-c107-4b71-b7fe-5c9690a07c99','账号: test_user_2@example.com\n密码: TestPass22024!','AVAILABLE',NULL,NULL,'2026-01-23 15:48:25.969',NULL),('de16a5dd-9592-4b48-8e3a-a15416d7958e','9d5acd01-5561-4619-8b09-fb54d5e997e7','hdjaknsdjhakjjsdjkanda','AVAILABLE',NULL,NULL,'2026-02-03 06:44:51.119',NULL),('dea08dc4-b71c-4225-b0d1-f8287150c055','7a0bf5d1-9f6b-456d-9894-ab0023e73d67','账号: test_user_6@example.com\n密码: TestPass62024!','AVAILABLE',NULL,NULL,'2026-01-31 17:04:13.181',NULL),('e0f00aa8-db84-4af7-a30f-b3d2d74287be','87c6f172-7f4a-487e-a71a-31cec9a7fc69','账号: test_user_4@example.com\n密码: TestPass42024!','AVAILABLE',NULL,NULL,'2026-01-23 15:48:25.983',NULL),('e2a2d5e9-15e2-4302-837e-cfb01b859f0f','fd39f975-1f94-4a96-95e7-50cdc02cded7','账号: test_user_0@example.com\n密码: TestPass02024!','AVAILABLE',NULL,NULL,'2026-01-31 17:04:13.192',NULL),('e4240c1b-71ed-4cc4-b015-c5d0255edb30','fd39f975-1f94-4a96-95e7-50cdc02cded7','账号: test_user_2@example.com\n密码: TestPass22024!','AVAILABLE',NULL,NULL,'2026-01-31 17:04:13.192',NULL),('e54bbaff-737b-4849-97c4-5baba80a0369','c1f41b92-dffa-436c-acf0-eb82ad044842','账号: test_user_7@example.com\n密码: TestPass72024!','AVAILABLE',NULL,NULL,'2026-01-31 17:04:13.157',NULL),('e699ff12-dd77-42d0-aee9-e3dc06fdc013','e4657148-7af5-4198-a2d8-a57b52786cca','账号: test_user_6@example.com\n密码: TestPass62024!','AVAILABLE',NULL,NULL,'2026-01-23 15:48:25.953',NULL),('e89a505d-c41d-4a7d-82c8-fc5ffecb3f2f','5a6060d5-ad94-427c-a8c4-9d65d5fc5bee','账号: test_user_6@example.com\n密码: TestPass62024!','AVAILABLE',NULL,NULL,'2026-01-31 17:04:13.209',NULL),('e9553196-da03-4cd4-a64b-e8b51a6b7b5a','e4657148-7af5-4198-a2d8-a57b52786cca','账号: test_user_4@example.com\n密码: TestPass42024!','AVAILABLE',NULL,NULL,'2026-01-23 15:48:25.953',NULL),('eab42614-d93f-43da-a904-54193cee187d','d4f239f2-b636-4555-b377-e6fc7fe003ac','账号: test_user_9@example.com\n密码: TestPass92024!','AVAILABLE',NULL,NULL,'2026-01-31 17:04:13.170',NULL),('f22a79dc-22ca-416f-9efc-d80cb3c0a75f','438c6ad2-0310-4b3e-a489-dea9e26df2ad','账号: test_user_0@example.com\n密码: TestPass02024!','AVAILABLE',NULL,NULL,'2026-01-31 17:04:13.133',NULL),('f7c535f9-8daa-4ca3-ac8c-be1658279114','d4f239f2-b636-4555-b377-e6fc7fe003ac','账号: test_user_2@example.com\n密码: TestPass22024!','AVAILABLE',NULL,NULL,'2026-01-31 17:04:13.170',NULL),('ffe96662-2bc4-4674-ba89-dd4f6f6039d1','9d5acd01-5561-4619-8b09-fb54d5e997e7','hdjaknsdjhakjjsdjkanda','AVAILABLE',NULL,NULL,'2026-02-03 06:44:47.371',NULL);
/*!40000 ALTER TABLE `cards` ENABLE KEYS */;
UNLOCK TABLES;

--
-- Table structure for table `categories`
--

DROP TABLE IF EXISTS `categories`;
/*!40101 SET @saved_cs_client     = @@character_set_client */;
/*!50503 SET character_set_client = utf8mb4 */;
CREATE TABLE `categories` (
  `id` varchar(191) COLLATE utf8mb4_unicode_ci NOT NULL,
  `name` varchar(191) COLLATE utf8mb4_unicode_ci NOT NULL,
  `description` varchar(191) COLLATE utf8mb4_unicode_ci DEFAULT NULL,
  `icon` varchar(191) COLLATE utf8mb4_unicode_ci DEFAULT NULL,
  `sort_order` int NOT NULL DEFAULT '0',
  `status` enum('ACTIVE','INACTIVE') COLLATE utf8mb4_unicode_ci NOT NULL DEFAULT 'ACTIVE',
  `created_at` datetime(3) NOT NULL DEFAULT CURRENT_TIMESTAMP(3),
  `updated_at` datetime(3) NOT NULL,
  PRIMARY KEY (`id`)
) ENGINE=InnoDB DEFAULT CHARSET=utf8mb4 COLLATE=utf8mb4_unicode_ci;
/*!40101 SET character_set_client = @saved_cs_client */;

--
-- Dumping data for table `categories`
--

LOCK TABLES `categories` WRITE;
/*!40000 ALTER TABLE `categories` DISABLE KEYS */;
INSERT INTO `categories` VALUES ('683a940d-6bba-4eec-972d-3c32abaca526','Ai','','📦',0,'ACTIVE','2026-02-03 18:25:21.725','2026-02-03 18:25:21.725'),('游戏账号','游戏账号','各类游戏账号','🎮',1,'ACTIVE','2026-01-23 15:48:25.921','2026-01-31 17:04:12.960'),('社交账号','社交账号','社交平台账号','💬',5,'ACTIVE','2026-01-23 15:48:25.944','2026-01-31 17:04:13.103'),('网盘会员','网盘会员','网盘存储服务','☁️',6,'ACTIVE','2026-01-23 15:48:25.946','2026-01-31 17:04:13.107'),('视频会员','视频会员','视频、音乐等会员','📺',2,'ACTIVE','2026-01-23 15:48:25.932','2026-01-31 17:04:13.079'),('软件激活','软件激活','正版软件激活码','💿',4,'ACTIVE','2026-01-23 15:48:25.943','2026-01-31 17:04:13.096'),('音乐会员','音乐会员','音乐平台会员','🎵',3,'ACTIVE','2026-01-23 15:48:25.937','2026-01-31 17:04:13.088');
/*!40000 ALTER TABLE `categories` ENABLE KEYS */;
UNLOCK TABLES;

--
-- Table structure for table `orders`
--

DROP TABLE IF EXISTS `orders`;
/*!40101 SET @saved_cs_client     = @@character_set_client */;
/*!50503 SET character_set_client = utf8mb4 */;
CREATE TABLE `orders` (
  `id` varchar(191) COLLATE utf8mb4_unicode_ci NOT NULL,
  `order_no` varchar(191) COLLATE utf8mb4_unicode_ci NOT NULL,
  `user_id` varchar(191) COLLATE utf8mb4_unicode_ci DEFAULT NULL,
  `email` varchar(191) COLLATE utf8mb4_unicode_ci NOT NULL,
  `product_id` varchar(191) COLLATE utf8mb4_unicode_ci NOT NULL,
  `product_name` varchar(191) COLLATE utf8mb4_unicode_ci NOT NULL,
  `variant_id` varchar(191) COLLATE utf8mb4_unicode_ci DEFAULT NULL,
  `variant_name` varchar(191) COLLATE utf8mb4_unicode_ci DEFAULT NULL,
  `quantity` int NOT NULL DEFAULT '1',
  `unit_price` decimal(10,2) NOT NULL,
  `total_amount` decimal(10,2) NOT NULL,
  `status` enum('PENDING','PAID','COMPLETED','CANCELLED','REFUNDED') COLLATE utf8mb4_unicode_ci NOT NULL DEFAULT 'PENDING',
  `payment_method` varchar(191) COLLATE utf8mb4_unicode_ci DEFAULT NULL,
  `payment_no` varchar(191) COLLATE utf8mb4_unicode_ci DEFAULT NULL,
  `paid_at` datetime(3) DEFAULT NULL,
  `completed_at` datetime(3) DEFAULT NULL,
  `ip_address` varchar(191) COLLATE utf8mb4_unicode_ci DEFAULT NULL,
  `user_agent` text COLLATE utf8mb4_unicode_ci,
  `created_at` datetime(3) NOT NULL DEFAULT CURRENT_TIMESTAMP(3),
  `updated_at` datetime(3) NOT NULL,
  `usdt_amount` decimal(10,2) DEFAULT NULL,
  `cancelled_at` datetime(3) DEFAULT NULL,
  PRIMARY KEY (`id`),
  UNIQUE KEY `orders_order_no_key` (`order_no`),
  KEY `orders_user_id_fkey` (`user_id`),
  KEY `orders_product_id_fkey` (`product_id`),
  CONSTRAINT `orders_product_id_fkey` FOREIGN KEY (`product_id`) REFERENCES `products` (`id`) ON DELETE RESTRICT ON UPDATE CASCADE,
  CONSTRAINT `orders_user_id_fkey` FOREIGN KEY (`user_id`) REFERENCES `users` (`id`) ON DELETE SET NULL ON UPDATE CASCADE
) ENGINE=InnoDB DEFAULT CHARSET=utf8mb4 COLLATE=utf8mb4_unicode_ci;
/*!40101 SET character_set_client = @saved_cs_client */;

--
-- Dumping data for table `orders`
--

LOCK TABLES `orders` WRITE;
/*!40000 ALTER TABLE `orders` DISABLE KEYS */;
INSERT INTO `orders` VALUES ('03c76998-6b79-45d2-8c40-496f1bd643e5','KA20260202_Z6VV5',NULL,'admin@kashop.com','9d5acd01-5561-4619-8b09-fb54d5e997e7','Gemini Pro',NULL,NULL,1,45.00,45.00,'CANCELLED','alipay',NULL,NULL,NULL,'::ffff:172.20.0.1','Mozilla/5.0 (Macintosh; Intel Mac OS X 10_15_7) AppleWebKit/537.36 (KHTML, like Gecko) Chrome/144.0.0.0 Safari/537.36','2026-02-02 18:33:37.196','2026-02-03 13:32:00.017',NULL,'2026-02-03 13:32:00.016'),('0956732a-17e8-45df-a065-e0d0b332290e','KA202602033PMJQD',NULL,'admin@kashop.com','9d5acd01-5561-4619-8b09-fb54d5e997e7','Gemini Pro (测试)',NULL,NULL,1,0.10,0.10,'CANCELLED','alipay',NULL,NULL,NULL,'::ffff:172.20.0.1','Mozilla/5.0 (Macintosh; Intel Mac OS X 10_15_7) AppleWebKit/537.36 (KHTML, like Gecko) Chrome/144.0.0.0 Safari/537.36','2026-02-03 07:18:25.726','2026-02-03 13:32:00.017',NULL,'2026-02-03 13:32:00.016'),('0fc99b11-3303-425a-96e1-6a6f49144aa2','KA2026020280-DPE',NULL,'test@test.com','9d5acd01-5561-4619-8b09-fb54d5e997e7','Gemini Pro',NULL,NULL,1,45.00,45.00,'CANCELLED','alipay',NULL,NULL,NULL,'::ffff:172.20.0.1','Mozilla/5.0 (Macintosh; Intel Mac OS X 10_15_7) AppleWebKit/537.36 (KHTML, like Gecko) Chrome/144.0.0.0 Safari/537.36','2026-02-02 18:38:22.006','2026-02-03 13:32:00.017',NULL,'2026-02-03 13:32:00.016'),('106adb60-c4ee-478a-878c-ec6ff927253f','KA20260203BRACTA','f506b92d-3740-429c-9e7e-777a493006d4','luochun15@gmail.com','9d5acd01-5561-4619-8b09-fb54d5e997e7','Gemini Pro (测试)',NULL,NULL,1,0.10,0.10,'COMPLETED','alipay','2026020322001447261434001415','2026-02-03 13:46:04.656','2026-02-03 13:46:04.671','::ffff:172.20.0.1','Mozilla/5.0 (Macintosh; Intel Mac OS X 10_15_7) AppleWebKit/537.36 (KHTML, like Gecko) Chrome/144.0.0.0 Safari/537.36','2026-02-03 13:42:50.376','2026-02-03 13:46:04.672',NULL,NULL),('12619475-c849-4ccb-aca0-228326bd228e','KA20260203GEYIKR',NULL,'admin@kashop.com','9d5acd01-5561-4619-8b09-fb54d5e997e7','Gemini Pro (测试)',NULL,NULL,1,0.10,0.10,'CANCELLED','alipay',NULL,NULL,NULL,'::ffff:172.20.0.1','Mozilla/5.0 (Macintosh; Intel Mac OS X 10_15_7) AppleWebKit/537.36 (KHTML, like Gecko) Chrome/144.0.0.0 Safari/537.36','2026-02-03 06:23:40.360','2026-02-03 13:32:00.017',NULL,'2026-02-03 13:32:00.016'),('15704838-68e3-4e48-9405-cd10af25eba5','KA20260203M6Z9PS','f506b92d-3740-429c-9e7e-777a493006d4','luochun15@gmail.com','9d5acd01-5561-4619-8b09-fb54d5e997e7','Gemini Pro (测试)',NULL,NULL,1,0.10,0.10,'CANCELLED','usdt',NULL,NULL,NULL,'::ffff:172.20.0.1','Mozilla/5.0 (Macintosh; Intel Mac OS X 10_15_7) AppleWebKit/537.36 (KHTML, like Gecko) Chrome/144.0.0.0 Safari/537.36','2026-02-03 13:50:53.366','2026-02-03 13:51:30.455',0.02,'2026-02-03 13:51:30.455'),('1a702609-6adf-4538-84ca-dc7eb0d0af07','KA20260203TDWQ4J','f506b92d-3740-429c-9e7e-777a493006d4','luochun15@gmail.com','9d5acd01-5561-4619-8b09-fb54d5e997e7','Gemini Pro (测试)','b28946ac-5b3e-4b06-bad5-ca92700c7394','测试',1,0.10,0.10,'PAID','alipay','2026020422001447261434535065','2026-02-03 16:06:05.526',NULL,'::ffff:172.20.0.1','Mozilla/5.0 (Macintosh; Intel Mac OS X 10_15_7) AppleWebKit/537.36 (KHTML, like Gecko) Chrome/144.0.0.0 Safari/537.36','2026-02-03 16:05:53.583','2026-02-03 16:06:05.527',NULL,NULL),('1cd53717-73ed-4790-99d9-cc692ecb30cc','KA20260203YFAI3M','f506b92d-3740-429c-9e7e-777a493006d4','luochun15@gmail.com','9d5acd01-5561-4619-8b09-fb54d5e997e7','Gemini Pro (测试)',NULL,NULL,1,0.10,0.10,'COMPLETED','alipay','2026020322001447261431300311','2026-02-03 10:01:50.690','2026-02-03 10:01:50.703','::ffff:172.20.0.1','Mozilla/5.0 (Macintosh; Intel Mac OS X 10_15_7) AppleWebKit/537.36 (KHTML, like Gecko) Chrome/144.0.0.0 Safari/537.36','2026-02-03 10:01:11.572','2026-02-03 10:01:50.704',NULL,NULL),('1d87e744-a233-459f-b4de-e75257d8fe98','KA20260202KZXSC3',NULL,'admin@kashop.com','9d5acd01-5561-4619-8b09-fb54d5e997e7','Gemini Pro',NULL,NULL,1,45.00,45.00,'CANCELLED','alipay',NULL,NULL,NULL,'::ffff:172.20.0.1','Mozilla/5.0 (Macintosh; Intel Mac OS X 10_15_7) AppleWebKit/537.36 (KHTML, like Gecko) Chrome/144.0.0.0 Safari/537.36','2026-02-02 16:08:29.821','2026-02-03 13:32:00.017',NULL,'2026-02-03 13:32:00.016'),('1eca0fe6-c36d-4ee1-86c4-f22673115610','KA20260202CNCUYF',NULL,'admin@kashop.com','9d5acd01-5561-4619-8b09-fb54d5e997e7','Gemini Pro',NULL,NULL,1,45.00,45.00,'CANCELLED','alipay',NULL,NULL,NULL,'::ffff:172.20.0.1','Mozilla/5.0 (Macintosh; Intel Mac OS X 10_15_7) AppleWebKit/537.36 (KHTML, like Gecko) Chrome/144.0.0.0 Safari/537.36','2026-02-02 18:16:03.465','2026-02-03 13:32:00.017',NULL,'2026-02-03 13:32:00.016'),('2d8b6c68-bc1c-47b9-8432-90b3b8fcffb9','KA20260203NLQJTH','f506b92d-3740-429c-9e7e-777a493006d4','luochun15@gmail.com','9d5acd01-5561-4619-8b09-fb54d5e997e7','Gemini Pro (测试)',NULL,NULL,1,0.10,0.10,'COMPLETED','alipay','2026020322001447261434531354','2026-02-03 15:53:08.698','2026-02-03 15:53:08.716','::ffff:172.20.0.1','Mozilla/5.0 (Macintosh; Intel Mac OS X 10_15_7) AppleWebKit/537.36 (KHTML, like Gecko) Chrome/144.0.0.0 Safari/537.36','2026-02-03 15:52:55.153','2026-02-03 15:53:08.717',NULL,NULL),('321183af-3f59-4cf5-b3e5-7f3728a09597','KA20260203WSMB0E',NULL,'admin@kashop.com','9d5acd01-5561-4619-8b09-fb54d5e997e7','Gemini Pro (测试)',NULL,NULL,1,0.10,0.10,'CANCELLED','alipay',NULL,NULL,NULL,'::ffff:172.20.0.1','Mozilla/5.0 (Macintosh; Intel Mac OS X 10_15_7) AppleWebKit/537.36 (KHTML, like Gecko) Chrome/144.0.0.0 Safari/537.36','2026-02-03 06:39:20.857','2026-02-03 13:32:00.017',NULL,'2026-02-03 13:32:00.016'),('37576047-9267-4c8a-a459-1aa389cbadf2','KA20260202MTZZUS',NULL,'admin@kashop.com','9d5acd01-5561-4619-8b09-fb54d5e997e7','Gemini Pro',NULL,NULL,1,45.00,45.00,'CANCELLED','alipay',NULL,NULL,NULL,'::ffff:172.20.0.1','Mozilla/5.0 (Macintosh; Intel Mac OS X 10_15_7) AppleWebKit/537.36 (KHTML, like Gecko) Chrome/144.0.0.0 Safari/537.36','2026-02-02 18:34:04.944','2026-02-03 13:32:00.017',NULL,'2026-02-03 13:32:00.016'),('56cfb364-9ddb-4a55-a345-b9bc7665b653','KA20260203GXGRH3',NULL,'admin@kashop.com','9d5acd01-5561-4619-8b09-fb54d5e997e7','Gemini Pro (测试)',NULL,NULL,1,0.10,0.10,'COMPLETED','alipay','2026020323001447261434588749','2026-02-03 07:53:03.424','2026-02-03 07:53:03.438','::ffff:172.20.0.1','Mozilla/5.0 (Macintosh; Intel Mac OS X 10_15_7) AppleWebKit/537.36 (KHTML, like Gecko) Chrome/144.0.0.0 Safari/537.36','2026-02-03 07:52:49.726','2026-02-03 07:53:03.438',NULL,NULL),('68cf7e43-1d12-48cf-877e-62fe8fca9982','KA20260202BFPHIU',NULL,'admin@kashop.com','9d5acd01-5561-4619-8b09-fb54d5e997e7','Gemini Pro',NULL,NULL,1,45.00,45.00,'CANCELLED','alipay',NULL,NULL,NULL,'::ffff:172.20.0.1','Mozilla/5.0 (Macintosh; Intel Mac OS X 10_15_7) AppleWebKit/537.36 (KHTML, like Gecko) Chrome/144.0.0.0 Safari/537.36','2026-02-02 18:18:35.989','2026-02-03 13:32:00.017',NULL,'2026-02-03 13:32:00.016'),('6e43e3e2-36a8-480b-b6fa-0c127cb5e964','KA20260202H0VEP8',NULL,'admin@kashop.com','9d5acd01-5561-4619-8b09-fb54d5e997e7','Gemini Pro (测试)',NULL,NULL,1,0.10,0.10,'CANCELLED','alipay',NULL,NULL,NULL,'::ffff:172.20.0.1','Mozilla/5.0 (Macintosh; Intel Mac OS X 10_15_7) AppleWebKit/537.36 (KHTML, like Gecko) Chrome/144.0.0.0 Safari/537.36','2026-02-02 19:01:14.172','2026-02-03 13:32:00.017',NULL,'2026-02-03 13:32:00.016'),('6f5af94c-489f-4222-96e7-eef0a1a4524f','KA20260203TMAHQ1','f506b92d-3740-429c-9e7e-777a493006d4','luochun15@gmail.com','9d5acd01-5561-4619-8b09-fb54d5e997e7','Gemini Pro (测试)',NULL,NULL,2,0.10,0.20,'CANCELLED','usdt',NULL,NULL,NULL,'::ffff:172.20.0.1','Mozilla/5.0 (Macintosh; Intel Mac OS X 10_15_7) AppleWebKit/537.36 (KHTML, like Gecko) Chrome/144.0.0.0 Safari/537.36','2026-02-03 12:44:26.277','2026-02-03 13:32:00.017',0.04,'2026-02-03 13:32:00.016'),('721a7451-1c9e-4c01-a939-24eb513c9bda','KA20260203-FKKRA','f506b92d-3740-429c-9e7e-777a493006d4','luochun15@gmail.com','9d5acd01-5561-4619-8b09-fb54d5e997e7','Gemini Pro (测试)',NULL,NULL,1,0.10,0.10,'CANCELLED','alipay',NULL,NULL,NULL,'::ffff:172.20.0.1','Mozilla/5.0 (Macintosh; Intel Mac OS X 10_15_7) AppleWebKit/537.36 (KHTML, like Gecko) Chrome/144.0.0.0 Safari/537.36','2026-02-03 13:17:29.986','2026-02-03 13:48:00.021',NULL,'2026-02-03 13:48:00.020'),('7db420c1-30dd-496e-b072-6ef84ef53d9b','KA20260203SRM2WM',NULL,'admin@kashop.com','9d5acd01-5561-4619-8b09-fb54d5e997e7','Gemini Pro (测试)',NULL,NULL,1,0.10,0.10,'COMPLETED','alipay','2026020323001447261435722411','2026-02-03 08:07:37.538','2026-02-03 08:07:37.552','::ffff:172.20.0.1','Mozilla/5.0 (Macintosh; Intel Mac OS X 10_15_7) AppleWebKit/537.36 (KHTML, like Gecko) Chrome/144.0.0.0 Safari/537.36','2026-02-03 08:07:11.673','2026-02-03 08:07:37.553',NULL,NULL),('7e516fae-edd7-4cef-8ed7-3f9b596392b9','KA20260203Z9JAO2','f506b92d-3740-429c-9e7e-777a493006d4','luochun15@gmail.com','9d5acd01-5561-4619-8b09-fb54d5e997e7','Gemini Pro (测试)',NULL,NULL,1,0.10,0.10,'CANCELLED','alipay',NULL,NULL,NULL,'::ffff:172.20.0.1','Mozilla/5.0 (Macintosh; Intel Mac OS X 10_15_7) AppleWebKit/537.36 (KHTML, like Gecko) Chrome/144.0.0.0 Safari/537.36','2026-02-03 13:17:46.237','2026-02-03 13:48:00.021',NULL,'2026-02-03 13:48:00.020'),('a4b3b407-7b58-4d97-a364-da2fb9fa5a0c','KA20260203O9ITXG','f506b92d-3740-429c-9e7e-777a493006d4','luochun15@gmail.com','9d5acd01-5561-4619-8b09-fb54d5e997e7','Gemini Pro (测试)','b28946ac-5b3e-4b06-bad5-ca92700c7394','测试',1,0.10,0.10,'COMPLETED','alipay','2026020422001447261431324776','2026-02-03 16:29:53.640','2026-02-03 16:29:53.657','::ffff:172.20.0.1','Mozilla/5.0 (Macintosh; Intel Mac OS X 10_15_7) AppleWebKit/537.36 (KHTML, like Gecko) Chrome/144.0.0.0 Safari/537.36','2026-02-03 16:29:42.667','2026-02-03 16:29:53.658',NULL,NULL),('a85c1713-6a9f-4d29-8bb9-49b0ecddfba5','KA20260203AAFHM_','f506b92d-3740-429c-9e7e-777a493006d4','luochun15@gmail.com','9d5acd01-5561-4619-8b09-fb54d5e997e7','Gemini Pro (测试)',NULL,NULL,1,0.10,0.10,'CANCELLED','usdt',NULL,NULL,NULL,'::ffff:172.20.0.1','Mozilla/5.0 (Macintosh; Intel Mac OS X 10_15_7) AppleWebKit/537.36 (KHTML, like Gecko) Chrome/144.0.0.0 Safari/537.36','2026-02-03 13:18:21.249','2026-02-03 13:49:00.024',0.02,'2026-02-03 13:49:00.023'),('a9baba01-05c2-43d8-97f3-968982a2689b','KA20260202WSQX8O',NULL,'verify@test.com','9d5acd01-5561-4619-8b09-fb54d5e997e7','Gemini Pro (测试)',NULL,NULL,1,0.10,0.10,'CANCELLED','alipay',NULL,NULL,NULL,'::ffff:172.20.0.1','Mozilla/5.0 (Macintosh; Intel Mac OS X 10_15_7) AppleWebKit/537.36 (KHTML, like Gecko) Chrome/144.0.0.0 Safari/537.36','2026-02-02 18:44:40.650','2026-02-03 13:32:00.017',NULL,'2026-02-03 13:32:00.016'),('aab296f8-01f9-4ea9-99a4-e4ec01e78c50','KA20260203MIZ1V2','f506b92d-3740-429c-9e7e-777a493006d4','luochun15@gmail.com','9d5acd01-5561-4619-8b09-fb54d5e997e7','Gemini Pro (测试)','b28946ac-5b3e-4b06-bad5-ca92700c7394','测试',1,0.10,0.10,'COMPLETED','alipay','2026020423001447261436086486','2026-02-03 16:17:44.066','2026-02-03 17:05:58.986','::ffff:172.20.0.1','Mozilla/5.0 (Macintosh; Intel Mac OS X 10_15_7) AppleWebKit/537.36 (KHTML, like Gecko) Chrome/144.0.0.0 Safari/537.36','2026-02-03 16:17:31.136','2026-02-03 17:05:58.987',NULL,NULL),('b1cc64f2-8816-4aea-9a51-22d154dbc8ff','KA20260202CBZMYN',NULL,'admin@kashop.com','9d5acd01-5561-4619-8b09-fb54d5e997e7','Gemini Pro',NULL,NULL,1,45.00,45.00,'CANCELLED','alipay',NULL,NULL,NULL,'::ffff:172.20.0.1','Mozilla/5.0 (Macintosh; Intel Mac OS X 10_15_7) AppleWebKit/537.36 (KHTML, like Gecko) Chrome/144.0.0.0 Safari/537.36','2026-02-02 18:09:10.277','2026-02-03 13:32:00.017',NULL,'2026-02-03 13:32:00.016'),('b63e6f5a-a0ab-444d-8f69-ed4dbba4b802','KA20260202NVZBRO',NULL,'admin@kashop.com','9d5acd01-5561-4619-8b09-fb54d5e997e7','Gemini Pro',NULL,NULL,1,45.00,45.00,'CANCELLED','alipay',NULL,NULL,NULL,'::ffff:172.20.0.1','Mozilla/5.0 (Macintosh; Intel Mac OS X 10_15_7) AppleWebKit/537.36 (KHTML, like Gecko) Chrome/144.0.0.0 Safari/537.36','2026-02-02 16:13:11.893','2026-02-03 13:32:00.017',NULL,'2026-02-03 13:32:00.016'),('ba529b56-80d4-448a-8ab9-aeaeda4310d0','KA20260203B0MO97',NULL,'admin@kashop.com','9d5acd01-5561-4619-8b09-fb54d5e997e7','Gemini Pro (测试)',NULL,NULL,1,0.10,0.10,'PAID','alipay','2026020322001447261434458088','2026-02-03 06:41:52.575',NULL,'::ffff:172.20.0.1','Mozilla/5.0 (Macintosh; Intel Mac OS X 10_15_7) AppleWebKit/537.36 (KHTML, like Gecko) Chrome/144.0.0.0 Safari/537.36','2026-02-03 06:41:40.665','2026-02-03 06:41:52.576',NULL,NULL),('c7c64c64-0bcc-423d-a4c4-9bbfd6f695f6','KA20260202JIBSG2',NULL,'admin@kashop.com','9d5acd01-5561-4619-8b09-fb54d5e997e7','Gemini Pro (测试)',NULL,NULL,1,0.10,0.10,'CANCELLED','alipay',NULL,NULL,NULL,'::ffff:172.20.0.1','Mozilla/5.0 (Macintosh; Intel Mac OS X 10_15_7) AppleWebKit/537.36 (KHTML, like Gecko) Chrome/144.0.0.0 Safari/537.36','2026-02-02 19:24:50.053','2026-02-03 13:32:00.017',NULL,'2026-02-03 13:32:00.016'),('c869757b-22f8-40a6-b94a-95c2b254f0e3','KA20260203A149_M',NULL,'admin@kashop.com','9d5acd01-5561-4619-8b09-fb54d5e997e7','Gemini Pro (测试)',NULL,NULL,1,0.10,0.10,'COMPLETED','alipay','2026020322001447261431302954','2026-02-03 08:03:05.062','2026-02-03 08:03:05.074','::ffff:172.20.0.1','Mozilla/5.0 (Macintosh; Intel Mac OS X 10_15_7) AppleWebKit/537.36 (KHTML, like Gecko) Chrome/144.0.0.0 Safari/537.36','2026-02-03 08:02:18.285','2026-02-03 08:03:05.074',NULL,NULL),('cbec728f-5540-4c2a-9036-7158169a9583','KA20260202BUFZBE',NULL,'admin@kashop.com','9d5acd01-5561-4619-8b09-fb54d5e997e7','Gemini Pro',NULL,NULL,1,45.00,45.00,'CANCELLED','alipay',NULL,NULL,NULL,'::ffff:172.20.0.1','Mozilla/5.0 (Macintosh; Intel Mac OS X 10_15_7) AppleWebKit/537.36 (KHTML, like Gecko) Chrome/144.0.0.0 Safari/537.36','2026-02-02 16:19:39.861','2026-02-03 13:32:00.017',NULL,'2026-02-03 13:32:00.016'),('e62a4271-4197-4f39-bbd5-7a1b596f1895','KA20260203YMOB0H','f506b92d-3740-429c-9e7e-777a493006d4','luochun15@gmail.com','9d5acd01-5561-4619-8b09-fb54d5e997e7','Gemini Pro (测试)',NULL,NULL,1,0.10,0.10,'COMPLETED','alipay','2026020323001447261437754235','2026-02-03 15:59:54.663','2026-02-03 15:59:54.679','::ffff:172.20.0.1','Mozilla/5.0 (Macintosh; Intel Mac OS X 10_15_7) AppleWebKit/537.36 (KHTML, like Gecko) Chrome/144.0.0.0 Safari/537.36','2026-02-03 15:59:42.078','2026-02-03 15:59:54.680',NULL,NULL),('e8311e7e-0f06-4578-9b81-a4130f49f066','KA20260202KTELWW',NULL,'admin@kashop.com','9d5acd01-5561-4619-8b09-fb54d5e997e7','Gemini Pro',NULL,NULL,1,45.00,45.00,'CANCELLED','alipay',NULL,NULL,NULL,'::ffff:172.20.0.1','Mozilla/5.0 (Macintosh; Intel Mac OS X 10_15_7) AppleWebKit/537.36 (KHTML, like Gecko) Chrome/144.0.0.0 Safari/537.36','2026-02-02 18:09:56.653','2026-02-03 13:32:00.017',NULL,'2026-02-03 13:32:00.016'),('f2f2753f-75c1-47c3-9f54-c60364ac3aa8','KA20260202S1D4UE',NULL,'admin@kashop.com','9d5acd01-5561-4619-8b09-fb54d5e997e7','Gemini Pro (测试)',NULL,NULL,1,0.10,0.10,'CANCELLED','alipay',NULL,NULL,NULL,'::ffff:172.20.0.1','Mozilla/5.0 (Macintosh; Intel Mac OS X 10_15_7) AppleWebKit/537.36 (KHTML, like Gecko) Chrome/144.0.0.0 Safari/537.36','2026-02-02 19:12:14.753','2026-02-03 13:32:00.017',NULL,'2026-02-03 13:32:00.016'),('f71fa8c3-5d16-4bcd-81c3-e018e7dcae90','KA20260202LFXUOR',NULL,'admin@kashop.com','9d5acd01-5561-4619-8b09-fb54d5e997e7','Gemini Pro (测试)',NULL,NULL,1,0.10,0.10,'CANCELLED','alipay',NULL,NULL,NULL,'::ffff:172.20.0.1','Mozilla/5.0 (Macintosh; Intel Mac OS X 10_15_7) AppleWebKit/537.36 (KHTML, like Gecko) Chrome/144.0.0.0 Safari/537.36','2026-02-02 19:30:17.299','2026-02-03 13:32:00.017',NULL,'2026-02-03 13:32:00.016'),('fbeb4fcf-b638-4f36-9871-c4fbca36b166','KA202602037RR96-',NULL,'admin@kashop.com','9d5acd01-5561-4619-8b09-fb54d5e997e7','Gemini Pro (测试)',NULL,NULL,2,0.10,0.20,'CANCELLED','alipay',NULL,NULL,NULL,'::ffff:172.20.0.1','Mozilla/5.0 (Macintosh; Intel Mac OS X 10_15_7) AppleWebKit/537.36 (KHTML, like Gecko) Chrome/144.0.0.0 Safari/537.36','2026-02-03 06:12:36.123','2026-02-03 13:32:00.017',NULL,'2026-02-03 13:32:00.016');
/*!40000 ALTER TABLE `orders` ENABLE KEYS */;
UNLOCK TABLES;

--
-- Table structure for table `payments`
--

DROP TABLE IF EXISTS `payments`;
/*!40101 SET @saved_cs_client     = @@character_set_client */;
/*!50503 SET character_set_client = utf8mb4 */;
CREATE TABLE `payments` (
  `id` varchar(191) COLLATE utf8mb4_unicode_ci NOT NULL,
  `order_id` varchar(191) COLLATE utf8mb4_unicode_ci NOT NULL,
  `payment_method` varchar(191) COLLATE utf8mb4_unicode_ci NOT NULL,
  `amount` decimal(10,2) NOT NULL,
  `trade_no` varchar(191) COLLATE utf8mb4_unicode_ci DEFAULT NULL,
  `status` enum('PENDING','SUCCESS','FAILED','REFUNDED') COLLATE utf8mb4_unicode_ci NOT NULL DEFAULT 'PENDING',
  `raw_data` json DEFAULT NULL,
  `created_at` datetime(3) NOT NULL DEFAULT CURRENT_TIMESTAMP(3),
  `updated_at` datetime(3) NOT NULL,
  PRIMARY KEY (`id`),
  UNIQUE KEY `payments_order_id_key` (`order_id`),
  CONSTRAINT `payments_order_id_fkey` FOREIGN KEY (`order_id`) REFERENCES `orders` (`id`) ON DELETE CASCADE ON UPDATE CASCADE
) ENGINE=InnoDB DEFAULT CHARSET=utf8mb4 COLLATE=utf8mb4_unicode_ci;
/*!40101 SET character_set_client = @saved_cs_client */;

--
-- Dumping data for table `payments`
--

LOCK TABLES `payments` WRITE;
/*!40000 ALTER TABLE `payments` DISABLE KEYS */;
INSERT INTO `payments` VALUES ('12d80c74-e3b3-4190-8ee1-2357282b1319','6e43e3e2-36a8-480b-b6fa-0c127cb5e964','alipay',0.10,NULL,'PENDING',NULL,'2026-02-02 19:01:19.559','2026-02-02 19:01:19.559'),('2d852285-c857-4a05-86a3-6c3f67172b54','a4b3b407-7b58-4d97-a364-da2fb9fa5a0c','alipay',0.10,'2026020422001447261431324776','SUCCESS',NULL,'2026-02-03 16:29:43.687','2026-02-03 16:29:53.639'),('37553024-5190-4e00-9f93-5b1fa00b3c8d','2d8b6c68-bc1c-47b9-8432-90b3b8fcffb9','alipay',0.10,'2026020322001447261434531354','SUCCESS',NULL,'2026-02-03 15:52:55.738','2026-02-03 15:53:08.697'),('3e916476-4789-4f35-a141-f9d42222a536','0956732a-17e8-45df-a065-e0d0b332290e','alipay',0.10,NULL,'PENDING',NULL,'2026-02-03 07:18:30.854','2026-02-03 07:43:34.336'),('3ea61465-3c05-49ed-a79e-0b7c119e5e81','15704838-68e3-4e48-9405-cd10af25eba5','usdt',0.10,NULL,'PENDING',NULL,'2026-02-03 13:50:53.935','2026-02-03 13:50:53.935'),('41b625fe-3faf-48fb-98b0-26cc791d256b','cbec728f-5540-4c2a-9036-7158169a9583','alipay',45.00,NULL,'PENDING',NULL,'2026-02-02 16:28:05.023','2026-02-02 16:28:05.023'),('4c4a005e-421d-4b2f-bbf7-d56d6824cf37','e62a4271-4197-4f39-bbd5-7a1b596f1895','alipay',0.10,'2026020323001447261437754235','SUCCESS',NULL,'2026-02-03 15:59:42.636','2026-02-03 15:59:54.662'),('605b7585-a9c7-4072-b7e3-b2dbf2780a96','12619475-c849-4ccb-aca0-228326bd228e','alipay',0.10,NULL,'PENDING',NULL,'2026-02-03 06:23:42.995','2026-02-03 06:26:17.079'),('672095e6-62e2-48ce-b43a-5da9c9d691bd','aab296f8-01f9-4ea9-99a4-e4ec01e78c50','alipay',0.10,'2026020423001447261436086486','SUCCESS',NULL,'2026-02-03 16:17:31.735','2026-02-03 16:17:44.063'),('6a5a5826-58da-46da-af50-26d1f41cfa51','f2f2753f-75c1-47c3-9f54-c60364ac3aa8','alipay',0.10,NULL,'PENDING',NULL,'2026-02-02 19:12:16.700','2026-02-02 19:12:16.700'),('7548d426-3a3d-4d74-b98e-8139b1033000','56cfb364-9ddb-4a55-a345-b9bc7665b653','alipay',0.10,'2026020323001447261434588749','SUCCESS',NULL,'2026-02-03 07:52:51.800','2026-02-03 07:53:03.423'),('76fc0358-836e-4d33-8d22-adb5df143de2','106adb60-c4ee-478a-878c-ec6ff927253f','alipay',0.10,'2026020322001447261434001415','SUCCESS',NULL,'2026-02-03 13:42:51.210','2026-02-03 13:46:04.654'),('7d0be0a2-6296-4e30-8b56-1255dbed99f6','fbeb4fcf-b638-4f36-9871-c4fbca36b166','alipay',0.20,NULL,'PENDING',NULL,'2026-02-03 06:12:39.131','2026-02-03 06:12:39.131'),('80723a29-8e03-40d5-baef-16ec7cc4de4b','1a702609-6adf-4538-84ca-dc7eb0d0af07','alipay',0.10,'2026020422001447261434535065','SUCCESS',NULL,'2026-02-03 16:05:57.355','2026-02-03 16:06:05.525'),('9a56a3a4-32a0-4baf-905d-3462dcb71908','7db420c1-30dd-496e-b072-6ef84ef53d9b','alipay',0.10,'2026020323001447261435722411','SUCCESS',NULL,'2026-02-03 08:07:23.807','2026-02-03 08:07:37.537'),('a4cb50a2-f271-4c09-8243-59c0033aaeec','c869757b-22f8-40a6-b94a-95c2b254f0e3','alipay',0.10,'2026020322001447261431302954','SUCCESS',NULL,'2026-02-03 08:02:51.032','2026-02-03 08:03:05.060'),('a4fb553d-2bf0-4f5f-989b-11f684d599fd','721a7451-1c9e-4c01-a939-24eb513c9bda','alipay',0.10,NULL,'PENDING',NULL,'2026-02-03 13:17:30.560','2026-02-03 13:18:53.690'),('a8be106e-cbea-49bf-83da-b5a847103be0','c7c64c64-0bcc-423d-a4c4-9bbfd6f695f6','alipay',0.10,NULL,'PENDING',NULL,'2026-02-02 19:24:52.035','2026-02-02 19:24:52.035'),('b354c5c6-24f7-4f51-9f22-3165c13ff6be','1cd53717-73ed-4790-99d9-cc692ecb30cc','alipay',0.10,'2026020322001447261431300311','SUCCESS',NULL,'2026-02-03 10:01:12.151','2026-02-03 10:01:50.689'),('bac433e0-544a-4f0d-a1ef-73aa5fcc5cee','321183af-3f59-4cf5-b3e5-7f3728a09597','alipay',0.10,NULL,'PENDING',NULL,'2026-02-03 06:39:23.306','2026-02-03 06:39:23.306'),('bb909d42-cb8a-4d88-be32-4695ef5b9e4c','7e516fae-edd7-4cef-8ed7-3f9b596392b9','alipay',0.10,NULL,'PENDING',NULL,'2026-02-03 13:17:46.922','2026-02-03 13:17:46.922'),('bf5b0027-a309-4a87-bfd2-cb2753ad0958','a9baba01-05c2-43d8-97f3-968982a2689b','alipay',0.10,NULL,'PENDING',NULL,'2026-02-02 18:53:59.700','2026-02-02 18:53:59.700'),('cc462ba8-8e3e-4b9e-972d-a61590d7fa24','a85c1713-6a9f-4d29-8bb9-49b0ecddfba5','usdt',0.10,NULL,'PENDING',NULL,'2026-02-03 13:18:21.801','2026-02-03 13:18:21.801'),('dda38697-b29e-42b4-ad15-95a3433a6bab','6f5af94c-489f-4222-96e7-eef0a1a4524f','usdt',0.20,NULL,'PENDING',NULL,'2026-02-03 12:44:26.885','2026-02-03 13:11:38.571'),('e454d4bf-801d-4403-895a-23f7d7984eee','f71fa8c3-5d16-4bcd-81c3-e018e7dcae90','alipay',0.10,NULL,'PENDING',NULL,'2026-02-02 19:30:19.332','2026-02-02 19:30:19.332'),('fd8f9d95-91f6-46d4-8012-c4a3af0565f4','ba529b56-80d4-448a-8ab9-aeaeda4310d0','alipay',0.10,'2026020322001447261434458088','SUCCESS',NULL,'2026-02-03 06:41:42.930','2026-02-03 06:41:52.573');
/*!40000 ALTER TABLE `payments` ENABLE KEYS */;
UNLOCK TABLES;

--
-- Table structure for table `product_variants`
--

DROP TABLE IF EXISTS `product_variants`;
/*!40101 SET @saved_cs_client     = @@character_set_client */;
/*!50503 SET character_set_client = utf8mb4 */;
CREATE TABLE `product_variants` (
  `id` varchar(191) COLLATE utf8mb4_unicode_ci NOT NULL,
  `product_id` varchar(191) COLLATE utf8mb4_unicode_ci NOT NULL,
  `name` varchar(191) COLLATE utf8mb4_unicode_ci NOT NULL,
  `price` decimal(10,2) NOT NULL,
  `original_price` decimal(10,2) DEFAULT NULL,
  `stock` int NOT NULL DEFAULT '0',
  `sort_order` int NOT NULL DEFAULT '0',
  `status` enum('ACTIVE','INACTIVE') COLLATE utf8mb4_unicode_ci NOT NULL DEFAULT 'ACTIVE',
  `created_at` datetime(3) NOT NULL DEFAULT CURRENT_TIMESTAMP(3),
  `updated_at` datetime(3) NOT NULL,
  `type` varchar(255) COLLATE utf8mb4_unicode_ci DEFAULT NULL,
  PRIMARY KEY (`id`),
  KEY `product_variants_product_id_fkey` (`product_id`),
  CONSTRAINT `product_variants_product_id_fkey` FOREIGN KEY (`product_id`) REFERENCES `products` (`id`) ON DELETE CASCADE ON UPDATE CASCADE
) ENGINE=InnoDB DEFAULT CHARSET=utf8mb4 COLLATE=utf8mb4_unicode_ci;
/*!40101 SET character_set_client = @saved_cs_client */;

--
-- Dumping data for table `product_variants`
--

LOCK TABLES `product_variants` WRITE;
/*!40000 ALTER TABLE `product_variants` DISABLE KEYS */;
/*!40000 ALTER TABLE `product_variants` ENABLE KEYS */;
UNLOCK TABLES;

--
-- Table structure for table `products`
--

DROP TABLE IF EXISTS `products`;
/*!40101 SET @saved_cs_client     = @@character_set_client */;
/*!50503 SET character_set_client = utf8mb4 */;
CREATE TABLE `products` (
  `id` varchar(191) COLLATE utf8mb4_unicode_ci NOT NULL,
  `category_id` varchar(191) COLLATE utf8mb4_unicode_ci DEFAULT NULL,
  `name` varchar(191) COLLATE utf8mb4_unicode_ci NOT NULL,
  `description` text COLLATE utf8mb4_unicode_ci,
  `full_description` text COLLATE utf8mb4_unicode_ci,
  `price` decimal(10,2) NOT NULL,
  `original_price` decimal(10,2) DEFAULT NULL,
  `stock` int NOT NULL DEFAULT '0',
  `sold_count` int NOT NULL DEFAULT '0',
  `image` varchar(191) COLLATE utf8mb4_unicode_ci DEFAULT NULL,
  `images` json DEFAULT NULL,
  `tags` json DEFAULT NULL,
  `status` enum('ACTIVE','INACTIVE') COLLATE utf8mb4_unicode_ci NOT NULL DEFAULT 'ACTIVE',
  `sort_order` int NOT NULL DEFAULT '0',
  `created_at` datetime(3) NOT NULL DEFAULT CURRENT_TIMESTAMP(3),
  `updated_at` datetime(3) NOT NULL,
  PRIMARY KEY (`id`),
  KEY `products_category_id_fkey` (`category_id`),
  CONSTRAINT `products_category_id_fkey` FOREIGN KEY (`category_id`) REFERENCES `categories` (`id`) ON DELETE SET NULL ON UPDATE CASCADE
) ENGINE=InnoDB DEFAULT CHARSET=utf8mb4 COLLATE=utf8mb4_unicode_ci;
/*!40101 SET character_set_client = @saved_cs_client */;

--
-- Dumping data for table `products`
--

LOCK TABLES `products` WRITE;
/*!40000 ALTER TABLE `products` DISABLE KEYS */;
INSERT INTO `products` VALUES ('0af84252-f901-4534-95b5-5d0bc0923f8b','软件激活','ChatGPT Plus 月卡','OpenAI ChatGPT Plus 会员一个月，GPT-4 无限制使用','【商品说明】\n• ChatGPT Plus 会员一个月\n• GPT-4 无限制使用\n• 优先响应速度',149.00,199.00,10,2100,'https://images.unsplash.com/photo-1677442136019-21780ecad995?w=400&h=300&fit=crop',NULL,'[\"热销\", \"AI\"]','ACTIVE',0,'2026-01-23 15:48:25.975','2026-01-23 15:48:25.979'),('438c6ad2-0310-4b3e-a489-dea9e26df2ad','视频会员','Netflix 高级会员月卡','美区 Netflix Premium 一个月会员，支持 4K 超高清画质，可多台设备观看','【商品说明】\n• Netflix Premium 会员一个月\n• 支持 4K 超高清画质\n• 可同时 4 台设备观看\n\n【使用方法】\n1. 收到卡密后，访问 Netflix 官网\n2. 使用提供的账号密码登录\n3. 即可享受 Premium 会员服务\n\n• 自动发货 单独座位！\n• 配备全程售后解决使用问题!\n• 4k，环绕杜比音效！单独账号!\n',49.90,89.00,10,1420,NULL,'[]','[\"热销\", \"4K\"]','ACTIVE',0,'2026-01-31 17:04:13.115','2026-02-03 19:22:20.814'),('4533fe95-db72-4bcf-99ba-058636a7020a','网盘会员','百度网盘超级会员月卡','百度网盘超级会员一个月，极速下载，5T 空间','【商品说明】\n• 百度网盘超级会员一个月\n• 极速下载通道\n• 5TB 存储空间',25.00,30.00,10,812,'https://images.unsplash.com/photo-1544197150-b99a580bb7a8?w=400&h=300&fit=crop',NULL,'[\"热销\"]','ACTIVE',0,'2026-01-23 15:48:25.990','2026-01-23 15:48:25.995'),('5a6060d5-ad94-427c-a8c4-9d65d5fc5bee','网盘会员','百度网盘超级会员月卡','百度网盘超级会员一个月，极速下载，5T 空间','【商品说明】\n• 百度网盘超级会员一个月\n• 极速下载通道\n• 5TB 存储空间',25.00,30.00,10,1440,'https://images.unsplash.com/photo-1544197150-b99a580bb7a8?w=400&h=300&fit=crop',NULL,'[\"热销\"]','ACTIVE',0,'2026-01-31 17:04:13.207','2026-01-31 17:04:13.211'),('7a0bf5d1-9f6b-456d-9894-ab0023e73d67','软件激活','ChatGPT Plus 月卡','OpenAI ChatGPT Plus 会员一个月，GPT-4 无限制使用','【商品说明】\n• ChatGPT Plus 会员一个月\n• GPT-4 无限制使用\n• 优先响应速度',149.00,199.00,10,2099,'https://images.unsplash.com/photo-1677442136019-21780ecad995?w=400&h=300&fit=crop',NULL,'[\"热销\", \"AI\"]','ACTIVE',0,'2026-01-31 17:04:13.179','2026-01-31 17:04:13.187'),('8009b370-c107-4b71-b7fe-5c9690a07c99','游戏账号','Steam 游戏账号 - GTA5','正版 GTA5 Steam 账号，可改密绑定，终身使用','【商品说明】\n• 正版 GTA5 Steam 账号\n• 可修改密码和绑定信息\n• 终身使用',68.00,129.00,10,1327,'https://images.unsplash.com/photo-1538481199705-c710c4e965fc?w=400&h=300&fit=crop',NULL,'[\"正版\"]','ACTIVE',0,'2026-01-23 15:48:25.966','2026-01-23 15:48:25.973'),('87c6f172-7f4a-487e-a71a-31cec9a7fc69','视频会员','YouTube Premium 年卡','YouTube Premium 会员一年，无广告观看，支持后台播放和离线下载','【商品说明】\n• YouTube Premium 一年会员\n• 无广告观看视频\n• 支持后台播放',168.00,299.00,10,1202,'https://images.unsplash.com/photo-1611162616475-46b635cb6868?w=400&h=300&fit=crop',NULL,'[\"年卡\", \"超值\"]','ACTIVE',0,'2026-01-23 15:48:25.981','2026-01-23 15:48:25.985'),('9d5acd01-5561-4619-8b09-fb54d5e997e7','683a940d-6bba-4eec-972d-3c32abaca526','Gemini Pro','Gemini3.0Pro 一年成品号现货秒发','Gemini3.0Pro 一年成品号现货秒发\n\n老号稳定性和持久性都是新号比不了的，新号用不了两个月就没了,质保一年！\n\n账号不回收，带一年geminipro会员，独享可改密可换绑。可用Nano banana,可用Veo3.1！3.0pro！\n\n质量保障在线秒发，质保一年！稳定不跑路！\n\n也可升级自己号 不知道怎么升级自己号的可以问我\n\n✅ 官方渠道正品，享受 Gemini 3、nano banana pro 模型 有效期一年\n✅ 不占号，非共享，完全属于你\n✅ 售后支持，官方验证\n✅ 立即开通，方便快捷\n✅ 老号，稳定不封号（非常重要）\n\n独享账号可登入可改密 可添加二次验证\n手搓成品号+到手直接使用。质保一年，出问题直接换新',88.00,200.00,128,8,'/uploads/products/1770025986640_a143a3f001b5e50c.jpg','[\"/uploads/products/1770025986640_a143a3f001b5e50c.jpg\", \"/uploads/products/1770025986641_835f14bf6c628369.png\"]','[\"AI，热销\"]','ACTIVE',0,'2026-01-31 17:52:13.101','2026-02-03 18:26:32.310'),('b4a9092b-b37a-45da-8d43-a4a174bd2917','音乐会员','Spotify Premium 月卡','Spotify 高级会员一个月，无广告畅听，支持离线下载','【商品说明】\n• Spotify Premium 会员一个月\n• 无广告音乐播放\n• 支持离线下载',19.90,35.00,10,2306,'https://images.unsplash.com/photo-1614680376593-902f74cf0d41?w=400&h=300&fit=crop',NULL,'[\"热销\"]','ACTIVE',0,'2026-01-23 15:48:25.959','2026-01-23 15:48:25.964'),('c1f41b92-dffa-436c-acf0-eb82ad044842','音乐会员','Spotify Premium 月卡','Spotify 高级会员一个月，无广告畅听，支持离线下载','【商品说明】\n• Spotify Premium 会员一个月\n• 无广告音乐播放\n• 支持离线下载',19.90,35.00,10,897,'https://images.unsplash.com/photo-1614680376593-902f74cf0d41?w=400&h=300&fit=crop',NULL,'[\"热销\"]','ACTIVE',0,'2026-01-31 17:04:13.154','2026-01-31 17:04:13.166'),('caec3922-010e-4810-8fd7-cf5fce5b1256','683a940d-6bba-4eec-972d-3c32abaca526','Cursor Pro 一年','一年cursor Pro 现价低到骨折｜独享EDU可改密','可改密！质保6个月！cursor直登！！！\n不需要任何东西，直接登录可以使用\n一年cursor Pro=官方240美金，现价低到骨折｜独享EDU可改密｜无限Auto\n\n官方价值约240美元/年，这里一口价搞定一年权益\n真实EDU认证，账号独享可改密，安全性>共号/拼车\n无限Tab补全、Auto/Agents全开，研发/写作/脚本效率倍增\n赠EDU邮箱：学生折扣平台通用，1个月即可回本\n质保 6 个月\n\n质保要求：质保6月，不能使用再补一个。只要是正常使用被封禁的情况下才给补，如以使用超额量扣费不成而不能使用的账号情况下，不补',300.00,1600.00,28,0,'/uploads/products/1770143106120_1222ba9210c28001.png','[\"/uploads/products/1770143106120_1222ba9210c28001.png\"]','[\"AI\"]','ACTIVE',0,'2026-02-03 18:25:09.563','2026-02-03 18:26:57.710'),('d4f239f2-b636-4555-b377-e6fc7fe003ac','游戏账号','Steam 游戏账号 - GTA5','正版 GTA5 Steam 账号，可改密绑定，终身使用','【商品说明】\n• 正版 GTA5 Steam 账号\n• 可修改密码和绑定信息\n• 终身使用',68.00,129.00,10,862,'https://images.unsplash.com/photo-1538481199705-c710c4e965fc?w=400&h=300&fit=crop',NULL,'[\"正版\"]','ACTIVE',0,'2026-01-31 17:04:13.168','2026-01-31 17:04:13.176'),('e4657148-7af5-4198-a2d8-a57b52786cca','视频会员','Netflix 高级会员月卡','美区 Netflix Premium 一个月会员，支持 4K 超高清画质，可同时 4 台设备观看','【商品说明】\n• 美区 Netflix Premium 会员一个月\n• 支持 4K 超高清画质\n• 可同时 4 台设备观看\n\n【使用方法】\n1. 收到卡密后，访问 Netflix 官网\n2. 使用提供的账号密码登录\n3. 即可享受 Premium 会员服务',49.90,89.00,10,2367,'https://images.unsplash.com/photo-1574375927938-d5a98e8ffe85?w=400&h=300&fit=crop',NULL,'[\"热销\", \"4K\"]','ACTIVE',0,'2026-01-23 15:48:25.949','2026-01-23 15:48:25.956'),('fd39f975-1f94-4a96-95e7-50cdc02cded7','视频会员','YouTube Premium 年卡','YouTube Premium 会员一年，无广告观看，支持后台播放和离线下载','【商品说明】\n• YouTube Premium 一年会员\n• 无广告观看视频\n• 支持后台播放',168.00,299.00,10,534,'https://images.unsplash.com/photo-1611162616475-46b635cb6868?w=400&h=300&fit=crop',NULL,'[\"年卡\", \"超值\"]','ACTIVE',0,'2026-01-31 17:04:13.190','2026-01-31 17:04:13.204');
/*!40000 ALTER TABLE `products` ENABLE KEYS */;
UNLOCK TABLES;

--
-- Table structure for table `settings`
--

DROP TABLE IF EXISTS `settings`;
/*!40101 SET @saved_cs_client     = @@character_set_client */;
/*!50503 SET character_set_client = utf8mb4 */;
CREATE TABLE `settings` (
  `id` varchar(191) COLLATE utf8mb4_unicode_ci NOT NULL,
  `key` varchar(191) COLLATE utf8mb4_unicode_ci NOT NULL,
  `value` text COLLATE utf8mb4_unicode_ci,
  `description` varchar(191) COLLATE utf8mb4_unicode_ci DEFAULT NULL,
  `created_at` datetime(3) NOT NULL DEFAULT CURRENT_TIMESTAMP(3),
  `updated_at` datetime(3) NOT NULL,
  PRIMARY KEY (`id`),
  UNIQUE KEY `settings_key_key` (`key`)
) ENGINE=InnoDB DEFAULT CHARSET=utf8mb4 COLLATE=utf8mb4_unicode_ci;
/*!40101 SET character_set_client = @saved_cs_client */;

--
-- Dumping data for table `settings`
--

LOCK TABLES `settings` WRITE;
/*!40000 ALTER TABLE `settings` DISABLE KEYS */;
INSERT INTO `settings` VALUES ('032e1a6c-9db4-4b5b-9a61-d19a8867d992','usdtEnabled','true',NULL,'2026-02-03 09:31:25.631','2026-02-03 15:24:49.662'),('06e68738-c5f5-4f12-b65f-b637a41fa3d6','contactEmail','support@kashop.com',NULL,'2026-02-03 09:31:25.621','2026-02-03 15:24:49.651'),('0dae8064-05cd-4a56-bedc-3531384194b5','stockMode','manual',NULL,'2026-02-03 15:24:49.675','2026-02-03 15:24:49.675'),('0ef732d2-700d-45ef-9f7e-90cba05c0bfd','emailNotify','true',NULL,'2026-02-03 09:31:25.653','2026-02-03 15:24:49.689'),('1249cc8e-7048-4e7c-8a3a-f9053d0a3e1b','orderTimeout','30',NULL,'2026-02-03 09:31:25.633','2026-02-03 15:24:49.670'),('2f25854a-35ae-4d8b-80a8-9cfe83b19a7c','autoCancel','true',NULL,'2026-02-03 09:31:25.635','2026-02-03 15:24:49.673'),('30b7b7be-3975-4184-aee7-98f2f29344fd','delayedDeliveryMinutes','5',NULL,'2026-02-03 09:31:25.641','2026-02-03 15:24:49.692'),('5b210b71-79bb-426a-8864-5f0b53ec03b1','smtpPort','465',NULL,'2026-02-03 09:31:25.645','2026-02-03 15:24:49.681'),('5f0b4f19-5286-4e3a-bde0-52677dcada48','usdtExchangeRate','7',NULL,'2026-02-03 12:37:10.148','2026-02-03 15:24:49.667'),('64863b83-e73d-4004-9c4b-a4eea31de041','siteDescription','虚拟物品自动发卡平台',NULL,'2026-02-03 09:31:25.618','2026-02-03 15:24:49.648'),('7dba1b1e-589c-4ba0-8fae-cfab33eaf810','siteName','HaoDongXi',NULL,'2026-02-03 09:31:25.612','2026-02-03 15:24:49.641'),('b145eb2e-100e-48f8-a037-3233b1c0c571','smtpHost','smtp.qiye.aliyun.com',NULL,'2026-02-03 09:31:25.643','2026-02-03 15:24:49.678'),('b2f21e58-893f-40b3-adef-3be1fa3e936a','usdtWalletAddress','TEszBT21BfCaCZVhXeGVfYBnYq9pwLUkmW',NULL,'2026-02-03 12:37:10.143','2026-02-03 15:24:49.665'),('bba58c6d-14cd-41b4-b180-4f00f7ad25ca','wechatEnabled','false',NULL,'2026-02-03 09:31:25.628','2026-02-03 15:24:49.658'),('bff64b8f-e90d-4bb1-a8d9-ccae82e3d8fb','smtpUser','support@haodongxi.shop',NULL,'2026-02-03 09:31:25.647','2026-02-03 15:24:49.683'),('c04e71c7-2fbc-41b8-8816-c9ec6deb31cd','delayedDelivery','false',NULL,'2026-02-03 09:31:25.638','2026-02-03 15:24:49.695'),('db7193c4-4c0d-4276-ae4b-7b0151cf9e8e','alipayEnabled','true',NULL,'2026-02-03 09:31:25.625','2026-02-03 15:24:49.655'),('e3408165-18ee-4f49-8e6d-205bf8fb590e','smtpPass','Pure31415926.',NULL,'2026-02-03 09:31:25.649','2026-02-03 15:24:49.686');
/*!40000 ALTER TABLE `settings` ENABLE KEYS */;
UNLOCK TABLES;

--
-- Table structure for table `users`
--

DROP TABLE IF EXISTS `users`;
/*!40101 SET @saved_cs_client     = @@character_set_client */;
/*!50503 SET character_set_client = utf8mb4 */;
CREATE TABLE `users` (
  `id` varchar(191) COLLATE utf8mb4_unicode_ci NOT NULL,
  `email` varchar(191) COLLATE utf8mb4_unicode_ci NOT NULL,
  `password` varchar(191) COLLATE utf8mb4_unicode_ci NOT NULL,
  `username` varchar(191) COLLATE utf8mb4_unicode_ci DEFAULT NULL,
  `role` enum('USER','ADMIN') COLLATE utf8mb4_unicode_ci NOT NULL DEFAULT 'USER',
  `avatar` varchar(191) COLLATE utf8mb4_unicode_ci DEFAULT NULL,
  `email_verified` tinyint(1) NOT NULL DEFAULT '0',
  `verification_token` varchar(191) COLLATE utf8mb4_unicode_ci DEFAULT NULL,
  `created_at` datetime(3) NOT NULL DEFAULT CURRENT_TIMESTAMP(3),
  `updated_at` datetime(3) NOT NULL,
  `reset_token` varchar(191) COLLATE utf8mb4_unicode_ci DEFAULT NULL,
  `reset_token_expiry` datetime(3) DEFAULT NULL,
  PRIMARY KEY (`id`),
  UNIQUE KEY `users_email_key` (`email`)
) ENGINE=InnoDB DEFAULT CHARSET=utf8mb4 COLLATE=utf8mb4_unicode_ci;
/*!40101 SET character_set_client = @saved_cs_client */;

--
-- Dumping data for table `users`
--

LOCK TABLES `users` WRITE;
/*!40000 ALTER TABLE `users` DISABLE KEYS */;
INSERT INTO `users` VALUES ('42f4723f-4635-4e36-88bd-9518a013e320','admin@kashop.com','$2a$10$w8qlHyRyuSyaIIRqYt613e56OCaQmXDGAYg5l6ZonLsvlKQuy3Yjm','Admin','ADMIN',NULL,0,NULL,'2026-01-23 15:48:25.914','2026-01-23 15:48:25.914',NULL,NULL),('90117b77-a502-42bb-86b1-e84a6877cf64','test_verify2@gmail.com','$2a$10$oIMGLJD.FLCCZZcLGcFeseLs8HPk7PQTvXQBCuUi4XcEZR66o5Baq','testuser2','USER',NULL,0,'f266e1a9747233b5ec2add1c215a3db8727d5e0dd109c77ae94cf0327875a0cd','2026-02-01 10:10:32.303','2026-02-01 10:10:32.303',NULL,NULL),('9a3e62c8-9d33-4251-ad0a-ec0993977e03','degencruise@gmail.com','$2a$10$YCM7JsnYoTSnQvihJfULg.VwBrAsPA7cKGn/javJ4t2tcossigoQi','Halla','USER',NULL,0,'24149c096a100d61310e142cc9e4d2eddf9934b9ad37d0b551dcb1c14529581a','2026-02-01 10:39:40.902','2026-02-01 10:39:40.902',NULL,NULL),('d5bae374-de14-4101-99a6-e6a49e1e518e','test_verify3@gmail.com','$2a$10$jRWHT2BCaqqAQHLmelJy.uLirjipFuV9VYMkUwcpYc1txa47IO87.','testuser3','USER',NULL,0,'88ea8cbbfc5888c639517362dfa1712f751b90b439672ad0c67a3448de717469','2026-02-01 10:11:11.485','2026-02-01 10:11:11.485',NULL,NULL),('f506b92d-3740-429c-9e7e-777a493006d4','luochun15@gmail.com','$2a$10$xJD7uduqF2SKo7WfuoX5SO5tTMDOhgMX94bWwiKsHygL1SpZl.Ppq','luochun','USER',NULL,1,NULL,'2026-02-03 09:27:06.029','2026-02-03 14:38:28.386','9568b8f4d8c074a124da271029b21473d573740d35e970cc3615d7ca68ac3d80','2026-02-03 15:08:28.385');
/*!40000 ALTER TABLE `users` ENABLE KEYS */;
UNLOCK TABLES;
/*!40103 SET TIME_ZONE=@OLD_TIME_ZONE */;

/*!40101 SET SQL_MODE=@OLD_SQL_MODE */;
/*!40014 SET FOREIGN_KEY_CHECKS=@OLD_FOREIGN_KEY_CHECKS */;
/*!40014 SET UNIQUE_CHECKS=@OLD_UNIQUE_CHECKS */;
/*!40101 SET CHARACTER_SET_CLIENT=@OLD_CHARACTER_SET_CLIENT */;
/*!40101 SET CHARACTER_SET_RESULTS=@OLD_CHARACTER_SET_RESULTS */;
/*!40101 SET COLLATION_CONNECTION=@OLD_COLLATION_CONNECTION */;
/*!40111 SET SQL_NOTES=@OLD_SQL_NOTES */;

-- Dump completed on 2026-02-03 20:04:23
